Name,F62,F65,F64,F67,F34,F66,F69,F68,F101,F102,F103,F104,F105,F107,F108,category
org/apache/commons/cli/avalon/CLArgsParser.java,3,27,199,1,8,53,1,7,0.157121879589,403,167,0.414392059553,0.666666666667,0,1,0.0
org/apache/commons/cli/avalon/CLArgsParser.java,14,27,199,1,8,53,1,7,0.333333333333,403,167,0.414392059553,0.357142857143,0,1,0.0
org/apache/commons/cli/avalon/CLArgsParser.java,14,27,199,1,8,53,1,7,0.32892804699,403,167,0.414392059553,0.142857142857,0,1,0.0
org/apache/commons/jexl/bsf/JexlEngine.java,13,8,67,1,0,8,2,1,0.966666666667,103,31,0.300970873786,1.0,8,1,0.0
org/apache/jmeter/JMeter.java,118,22,35,5,0,36,21,12,0.351515151515,926,135,0.145788336933,1.0,0,1,0.0
org/apache/jmeter/JMeter.java,29,22,35,5,12,36,5,12,0.905627705628,926,135,0.145788336933,0.413793103448,0,1,1.0
org/apache/jmeter/JMeter.java,68,22,35,5,0,36,10,12,0.706493506494,926,135,0.145788336933,1.0,0,1,1.0
org/apache/jmeter/JMeter.java,0,22,35,5,18,36,1,12,0.269264069264,926,135,0.145788336933,1.0,0,1,1.0
org/apache/jmeter/JMeter.java,0,22,35,5,0,36,1,12,0.871861471861,926,135,0.145788336933,1.0,0,1,0.0
org/apache/jmeter/JMeter.java,0,22,35,5,22,36,1,12,0.857142857143,926,135,0.145788336933,1.0,0,1,1.0
org/apache/jmeter/assertions/BSFAssertion.java,0,1,1176,1,8,194,1,24,0.508771929825,35,17,0.485714285714,1.0,0,1,1.0
org/apache/jmeter/assertions/BeanShellAssertion.java,3,6,1176,1,8,194,1,24,0.890977443609,77,35,0.454545454545,0.666666666667,0,0,1.0
org/apache/jmeter/assertions/CompareAssertion.java,0,14,1176,1,9,194,1,24,0.198113207547,149,38,0.255033557047,1.0,0,1,1.0
org/apache/jmeter/assertions/DurationAssertion.java,0,2,1176,1,7,194,1,24,0.452054794521,31,34,1.09677419355,1.0,0,1,1.0
org/apache/jmeter/assertions/HTMLAssertion.java,83,19,1176,1,16,194,12,24,0.384415584416,200,135,0.675,0.686746987952,0,1,0.0
org/apache/jmeter/assertions/HTMLAssertion.java,20,19,1176,1,16,194,3,24,0.519480519481,200,135,0.675,0.3,0,1,0.0
org/apache/jmeter/assertions/HTMLAssertion.java,3,19,1176,1,6,194,1,24,0.568831168831,200,135,0.675,0.833333333333,0,0,0.0
org/apache/jmeter/assertions/HTMLAssertion.java,166,19,1176,1,0,194,23,24,0.38961038961,200,135,0.675,1.0,0,0,0.0
org/apache/jmeter/assertions/HTMLAssertion.java,0,19,1176,1,7,194,1,24,0.127272727273,200,135,0.675,1.0,0,1,1.0
org/apache/jmeter/assertions/JSR223Assertion.java,0,1,1176,1,7,194,1,24,0.589285714286,32,17,0.53125,1.0,0,1,1.0
org/apache/jmeter/assertions/MD5HexAssertion.java,0,4,1176,1,5,194,1,24,0.366071428571,60,31,0.516666666667,1.0,0,1,1.0
org/apache/jmeter/assertions/ResponseAssertion.java,0,40,1176,1,6,194,1,24,0.0894160583942,379,83,0.218997361478,1.0,0,1,1.0
org/apache/jmeter/assertions/SMIMEAssertionTestElement.java,0,25,1176,1,4,194,1,24,0.305194805195,104,19,0.182692307692,1.0,0,1,1.0
org/apache/jmeter/assertions/SizeAssertion.java,0,19,1176,1,5,194,1,24,0.133079847909,149,72,0.48322147651,1.0,0,1,1.0
org/apache/jmeter/assertions/XMLAssertion.java,0,3,1176,2,6,194,1,24,0.411111111111,50,29,0.58,1.0,0,1,1.0
org/apache/jmeter/assertions/XMLSchemaAssertion.java,0,5,1176,2,6,194,1,24,0.205607476636,117,57,0.487179487179,1.0,0,1,1.0
org/apache/jmeter/assertions/XPathAssertion.java,3,21,1176,1,6,194,1,24,0.755474452555,149,87,0.58389261745,0.833333333333,0,0,1.0
org/apache/jmeter/assertions/XPathAssertion.java,0,21,1176,1,6,194,1,24,0.164233576642,149,87,0.58389261745,1.0,0,1,1.0
org/apache/jmeter/assertions/gui/AssertionGui.java,49,11,1004,4,8,116,14,21,0.503448275862,261,104,0.39846743295,0.0612244897959,35,1,1.0
org/apache/jmeter/assertions/gui/HTMLAssertionGui.java,26,14,1004,1,8,116,6,21,0.469168900804,243,75,0.308641975309,0.115384615385,0,1,1.0
org/apache/jmeter/assertions/gui/HTMLAssertionGui.java,288,14,1004,1,9,116,33,21,0.369973190349,243,75,0.308641975309,0.0894097222222,24,0,1.0
org/apache/jmeter/assertions/gui/MD5HexAssertionGUI.java,5,7,1004,1,8,116,1,21,0.63025210084,61,33,0.540983606557,0.6,0,1,1.0
org/apache/jmeter/assertions/gui/MD5HexAssertionGUI.java,8,7,1004,1,8,116,2,21,0.899159663866,61,33,0.540983606557,0.875,4,1,1.0
org/apache/jmeter/assertions/gui/SMIMEAssertionGui.java,21,10,1004,4,8,116,6,21,0.8,184,21,0.114130434783,0.142857142857,0,1,1.0
org/apache/jmeter/assertions/gui/SMIMEAssertionGui.java,15,10,1004,4,8,116,3,21,0.904,184,21,0.114130434783,0.2,22,1,1.0
org/apache/jmeter/assertions/gui/SizeAssertionGui.java,22,13,1004,1,8,116,6,21,0.449180327869,188,72,0.382978723404,0.136363636364,0,1,1.0
org/apache/jmeter/assertions/gui/SizeAssertionGui.java,22,13,1004,1,8,116,6,21,0.304918032787,188,72,0.382978723404,0.136363636364,16,1,1.0
org/apache/jmeter/assertions/gui/XMLSchemaAssertionGUI.java,5,7,1004,1,8,116,1,21,0.744827586207,64,55,0.859375,0.6,0,1,1.0
org/apache/jmeter/assertions/gui/XMLSchemaAssertionGUI.java,5,7,1004,1,8,116,2,21,0.593103448276,64,55,0.859375,0.8,8,1,1.0
org/apache/jmeter/assertions/gui/XPathAssertionGui.java,8,8,1004,1,8,116,1,21,0.526315789474,77,32,0.415584415584,0.375,6,1,1.0
org/apache/jmeter/config/Argument.java,0,14,527,1,5,98,1,12,0.252380952381,75,111,1.48,1.0,0,1,1.0
org/apache/jmeter/config/Arguments.java,0,17,527,1,6,98,1,12,0.169884169884,113,122,1.0796460177,1.0,0,1,1.0
org/apache/jmeter/config/CSVDataSet.java,284,19,527,1,13,98,49,12,0.601328903654,188,76,0.404255319149,0.12441314554,31,1,1.0
org/apache/jmeter/config/ConfigTestElement.java,0,4,527,1,4,98,1,12,0.568965517241,25,23,0.92,1.0,0,1,1.0
org/apache/jmeter/config/LoginConfig.java,3,6,527,1,8,98,1,12,3.25949367089,25,44,1.76,0.666666666667,0,0,1.0
org/apache/jmeter/config/LoginConfig.java,3,6,527,1,6,98,1,12,3.09493670886,25,44,1.76,0.833333333333,0,0,1.0
org/apache/jmeter/config/LoginConfig.java,0,6,527,1,4,98,1,12,0.430379746835,25,44,1.76,1.0,0,1,1.0
org/apache/jmeter/control/ForeachController.java,0,27,876,1,5,244,1,27,0.137323943662,166,74,0.44578313253,1.0,0,1,1.0
org/apache/jmeter/control/GenericController.java,0,32,876,1,5,244,1,27,0.128205128205,205,177,0.863414634146,1.0,0,1,1.0
org/apache/jmeter/control/IfController.java,0,17,876,6,6,244,1,27,0.208609271523,160,101,0.63125,1.0,0,1,1.0
org/apache/jmeter/control/InterleaveControl.java,0,13,876,1,5,244,1,27,0.231638418079,99,54,0.545454545455,1.0,0,1,1.0
org/apache/jmeter/control/LoopController.java,0,18,876,1,6,244,1,27,0.274111675127,108,61,0.564814814815,1.0,0,1,1.0
org/apache/jmeter/control/OnceOnlyController.java,0,3,876,1,5,244,1,27,0.627118644068,24,27,1.125,1.0,0,1,1.0
org/apache/jmeter/control/RandomController.java,0,3,876,1,5,244,1,27,0.555555555556,21,26,1.2380952381,1.0,0,1,1.0
org/apache/jmeter/control/RandomOrderController.java,0,4,876,1,4,244,1,27,0.55,21,32,1.52380952381,1.0,0,1,1.0
org/apache/jmeter/control/RunTime.java,0,14,876,1,5,244,1,27,0.262773722628,83,32,0.385542168675,1.0,0,1,1.0
org/apache/jmeter/control/SwitchController.java,0,7,876,1,7,244,1,27,0.436507936508,62,52,0.838709677419,1.0,0,1,1.0
org/apache/jmeter/control/TestFragmentController.java,0,0,876,1,0,244,1,27,0.851851851852,5,17,3.4,1.0,0,1,1.0
org/apache/jmeter/control/ThroughputController.java,0,24,876,2,6,244,1,27,0.173144876325,191,49,0.256544502618,1.0,0,1,1.0
org/apache/jmeter/control/TransactionController.java,0,16,876,1,7,244,1,27,0.157270029674,197,102,0.517766497462,1.0,0,1,1.0
org/apache/jmeter/control/WhileController.java,0,7,876,1,5,244,1,27,0.265151515152,67,51,0.761194029851,1.0,0,1,1.0
org/apache/jmeter/control/gui/ForeachControlPanel.java,40,9,1135,1,8,160,1,25,0.482213438735,121,96,0.793388429752,0.125,11,0,1.0
org/apache/jmeter/control/gui/IncludeControllerGui.java,5,8,1135,1,8,160,1,25,0.513043478261,67,33,0.492537313433,0.6,0,1,1.0
org/apache/jmeter/control/gui/IncludeControllerGui.java,5,8,1135,1,8,160,1,25,0.686956521739,67,33,0.492537313433,0.6,3,1,1.0
org/apache/jmeter/control/gui/InterleaveControlGui.java,9,7,1135,1,8,160,3,25,0.434782608696,53,25,0.471698113208,0.333333333333,0,1,0.0
org/apache/jmeter/control/gui/InterleaveControlGui.java,18,7,1135,1,12,160,5,25,0.695652173913,53,25,0.471698113208,0.305555555556,9,0,0.0
org/apache/jmeter/control/gui/ModuleControllerGui.java,13,15,1135,3,8,160,3,25,0.319196428571,296,103,0.347972972973,0.230769230769,0,1,1.0
org/apache/jmeter/control/gui/ModuleControllerGui.java,14,15,1135,3,16,160,4,25,0.444196428571,296,103,0.347972972973,0.785714285714,7,1,1.0
org/apache/jmeter/control/gui/ModuleControllerGui.java,14,15,1135,3,0,160,4,25,0.4375,296,103,0.347972972973,1.0,7,1,0.0
org/apache/jmeter/control/gui/RandomControlGui.java,9,7,1135,1,8,160,3,25,0.782608695652,54,25,0.462962962963,0.333333333333,0,1,1.0
org/apache/jmeter/control/gui/RandomControlGui.java,18,7,1135,1,12,160,5,25,0.597826086957,54,25,0.462962962963,0.305555555556,9,0,1.0
org/apache/jmeter/control/gui/SwitchControllerGui.java,4,8,1135,1,8,160,1,25,0.727272727273,58,25,0.431034482759,0.75,0,1,1.0
org/apache/jmeter/control/gui/SwitchControllerGui.java,4,8,1135,1,8,160,1,25,0.575757575758,58,25,0.431034482759,0.75,6,1,1.0
org/apache/jmeter/control/gui/TestPlanGui.java,14,9,1135,1,12,160,3,25,0.80487804878,117,64,0.547008547009,0.642857142857,12,1,1.0
org/apache/jmeter/control/gui/ThroughputControllerGui.java,48,7,1135,3,10,160,9,25,0.658045977011,118,31,0.262711864407,0.145833333333,0,0,1.0
org/apache/jmeter/control/gui/ThroughputControllerGui.java,126,7,1135,3,12,160,13,25,0.488505747126,118,31,0.262711864407,0.0746031746032,21,0,1.0
org/apache/jmeter/control/gui/TransactionControllerGui.java,10,6,1135,1,8,160,1,25,0.661111111111,48,29,0.604166666667,0.35,0,0,0.0
org/apache/jmeter/control/gui/TransactionControllerGui.java,14,6,1135,1,8,160,1,25,0.75,48,29,0.604166666667,0.25,6,0,0.0
org/apache/jmeter/control/gui/WorkBenchGui.java,4,9,1135,1,8,160,1,25,0.5,83,58,0.698795180723,0.75,3,1,1.0
org/apache/jmeter/engine/ClientJMeterEngine.java,15,11,397,1,0,104,1,17,0.495098039216,144,38,0.263888888889,1.0,6,1,1.0
org/apache/jmeter/engine/DistributedRunner.java,0,16,397,3,0,104,1,17,0.215073529412,194,49,0.252577319588,1.0,0,0,1.0
org/apache/jmeter/engine/DistributedRunner.java,16,16,397,3,0,104,2,17,0.805147058824,194,49,0.252577319588,1.0,7,1,1.0
org/apache/jmeter/engine/JMeterEngineException.java,0,4,397,1,4,104,1,17,0.681818181818,17,20,1.17647058824,1.0,0,1,1.0
org/apache/jmeter/engine/StandardJMeterEngine.java,29,28,397,3,8,104,8,17,0.831632653061,421,95,0.225653206651,0.862068965517,0,1,1.0
org/apache/jmeter/engine/StandardJMeterEngine.java,120,28,397,3,12,104,30,17,0.768707482993,421,95,0.225653206651,0.983333333333,69,1,0.0
org/apache/jmeter/engine/StandardJMeterEngine.java,4,28,397,3,8,104,1,17,0.27380952381,421,95,0.225653206651,0.75,0,1,0.0
org/apache/jmeter/engine/StandardJMeterEngine.java,120,28,397,3,20,104,30,17,0.959183673469,421,95,0.225653206651,0.983333333333,69,1,0.0
org/apache/jmeter/engine/StandardJMeterEngine.java,120,28,397,3,0,104,30,17,0.486394557823,421,95,0.225653206651,1.0,69,1,0.0
org/apache/jmeter/engine/StandardJMeterEngine.java,120,28,397,3,0,104,30,17,0.471088435374,421,95,0.225653206651,1.0,69,1,0.0
org/apache/jmeter/engine/util/CompoundVariable.java,0,15,142,1,0,52,1,12,0.379166666667,174,38,0.218390804598,1.0,0,1,1.0
org/apache/jmeter/extractor/BSFPostProcessor.java,0,1,178,1,6,106,1,15,0.591836734694,27,17,0.62962962963,1.0,0,1,1.0
org/apache/jmeter/extractor/BeanShellPostProcessor.java,0,2,178,1,5,106,1,15,0.463768115942,41,19,0.463414634146,1.0,0,1,1.0
org/apache/jmeter/extractor/DebugPostProcessor.java,0,11,178,2,13,106,1,15,0.694267515924,113,20,0.176991150442,1.0,0,1,0.0
org/apache/jmeter/extractor/HtmlExtractor.java,0,20,178,1,7,106,1,15,0.126582278481,190,78,0.410526315789,1.0,0,1,1.0
org/apache/jmeter/extractor/JSR223PostProcessor.java,0,1,178,1,5,106,1,15,0.68085106383,23,17,0.739130434783,1.0,0,1,1.0
org/apache/jmeter/extractor/RegexExtractor.java,0,30,178,1,7,106,1,15,0.0934393638171,352,96,0.272727272727,1.0,0,1,1.0
org/apache/jmeter/extractor/XPathExtractor.java,0,30,178,1,6,106,1,15,0.204678362573,220,81,0.368181818182,1.0,0,1,1.0
org/apache/jmeter/extractor/gui/XPathExtractorGui.java,10,11,267,1,8,35,1,3,0.431034482759,123,27,0.219512195122,0.3,10,1,1.0
org/apache/jmeter/extractor/json/jsonpath/JSONPostProcessor.java,103,14,155,2,0,17,29,3,0.657024793388,181,31,0.171270718232,1.0,0,1,1.0
org/apache/jmeter/extractor/json/jsonpath/JSONPostProcessor.java,0,14,155,2,14,17,1,3,0.165289256198,181,31,0.171270718232,1.0,0,1,1.0
org/apache/jmeter/extractor/json/jsonpath/gui/JSONPostProcessorGui.java,10,12,112,1,8,12,1,1,0.354838709677,131,32,0.24427480916,0.3,11,1,1.0
org/apache/jmeter/extractor/json/render/RenderAsJsonRenderer.java,6,16,122,1,0,16,2,1,0.656488549618,162,54,0.333333333333,1.0,4,1,1.0
org/apache/jmeter/functions/AbstractHostIPName.java,26,5,140,1,16,248,7,49,0.696428571429,43,25,0.581395348837,0.230769230769,5,0,1.0
org/apache/jmeter/functions/BeanShell.java,38,6,140,1,8,248,7,49,0.483870967742,90,32,0.355555555556,0.184210526316,22,2,1.0
org/apache/jmeter/functions/CSVRead.java,30,5,140,1,8,248,5,49,0.469135802469,74,62,0.837837837838,0.1,32,1,1.0
org/apache/jmeter/functions/CharFunction.java,15,5,140,1,8,248,2,49,0.637362637363,50,25,0.5,0.133333333333,8,1,1.0
org/apache/jmeter/functions/EscapeHtml.java,4,5,140,1,8,248,1,49,0.752688172043,38,40,1.05263157895,0.5,2,1,1.0
org/apache/jmeter/functions/EscapeOroRegexpChars.java,19,5,140,1,8,248,5,49,0.619469026549,63,28,0.444444444444,0.105263157895,11,1,1.0
org/apache/jmeter/functions/EvalFunction.java,5,5,140,1,8,248,1,49,0.724137931034,40,31,0.775,0.4,2,2,1.0
org/apache/jmeter/functions/EvalVarFunction.java,11,5,140,1,8,248,2,49,0.69387755102,50,31,0.62,0.181818181818,4,2,1.0
org/apache/jmeter/functions/FileRowColContainer.java,27,9,140,1,12,248,3,49,0.40625,108,64,0.592592592593,0.148148148148,11,1,0.0
org/apache/jmeter/functions/FileToString.java,33,5,140,1,8,248,7,49,0.587412587413,81,35,0.432098765432,0.0606060606061,17,1,1.0
org/apache/jmeter/functions/IntSum.java,19,5,140,1,0,248,3,49,0.603773584906,54,33,0.611111111111,1.0,10,1,1.0
org/apache/jmeter/functions/IterationCounter.java,0,6,140,2,11,248,1,49,0.426229508197,73,27,0.369863013699,1.0,0,1,1.0
org/apache/jmeter/functions/JavaScript.java,14,8,140,2,8,248,3,49,0.43119266055,130,56,0.430769230769,0.285714285714,6,1,1.0
org/apache/jmeter/functions/Jexl2Function.java,34,7,140,1,8,248,5,49,0.41975308642,109,31,0.284403669725,0.0882352941176,24,1,1.0
org/apache/jmeter/functions/JexlFunction.java,35,4,140,1,8,248,5,49,0.496240601504,88,27,0.306818181818,0.0857142857143,26,1,0.0
org/apache/jmeter/functions/LogFunction.java,26,7,140,1,8,248,7,49,0.445054945055,113,42,0.371681415929,0.0769230769231,9,1,1.0
org/apache/jmeter/functions/LogFunction2.java,19,5,140,1,8,248,5,49,0.641025641026,59,37,0.627118644068,0.105263157895,7,1,1.0
org/apache/jmeter/functions/LongSum.java,19,5,140,1,8,248,3,49,0.603773584906,54,32,0.592592592593,0.210526315789,10,1,1.0
org/apache/jmeter/functions/Property.java,18,5,140,1,8,248,5,49,0.648148148148,56,36,0.642857142857,0.111111111111,8,1,1.0
org/apache/jmeter/functions/Property2.java,9,5,140,1,8,248,2,49,0.698113207547,45,42,0.933333333333,0.222222222222,4,1,1.0
org/apache/jmeter/functions/Random.java,14,5,140,1,8,248,3,49,0.577981651376,58,29,0.5,0.214285714286,13,2,1.0
org/apache/jmeter/functions/Random.java,14,5,140,1,8,248,3,49,0.56880733945,58,29,0.5,0.142857142857,13,2,1.0
org/apache/jmeter/functions/RandomString.java,32,5,140,1,8,248,9,49,0.572519083969,78,29,0.371794871795,0.0625,18,1,1.0
org/apache/jmeter/functions/SamplerName.java,32,4,140,1,12,248,9,49,0.664772727273,49,27,0.551020408163,0.234375,6,0,1.0
org/apache/jmeter/functions/SetProperty.java,15,5,140,1,8,248,4,49,0.657142857143,51,35,0.686274509804,0.133333333333,7,1,1.0
org/apache/jmeter/functions/SplitFunction.java,23,5,140,1,8,248,5,49,0.658914728682,65,43,0.661538461538,0.130434782609,18,2,1.0
org/apache/jmeter/functions/StringFromFile.java,57,11,140,1,12,248,11,49,0.592920353982,207,86,0.415458937198,0.894736842105,20,1,0.0
org/apache/jmeter/functions/StringFromFile.java,55,11,140,1,8,248,13,49,0.631268436578,207,86,0.415458937198,0.0727272727273,0,1,1.0
org/apache/jmeter/functions/StringFromFile.java,57,11,140,1,8,248,11,49,0.412979351032,207,86,0.415458937198,0.0526315789474,20,1,1.0
org/apache/jmeter/functions/UnEscape.java,4,5,140,1,8,248,1,49,0.722891566265,38,29,0.763157894737,0.5,2,1,1.0
org/apache/jmeter/functions/UnEscapeHtml.java,4,5,140,1,8,248,1,49,0.741573033708,38,35,0.921052631579,0.5,2,1,1.0
org/apache/jmeter/functions/UrlDecode.java,11,5,140,1,12,248,1,49,0.701149425287,46,26,0.565217391304,0.363636363636,2,1,1.0
org/apache/jmeter/functions/UrlEncode.java,11,5,140,1,12,248,1,49,0.701149425287,46,26,0.565217391304,0.363636363636,2,1,1.0
org/apache/jmeter/functions/Variable.java,5,5,140,1,8,248,1,49,0.722222222222,40,33,0.825,0.4,2,4,1.0
org/apache/jmeter/functions/XPath.java,13,5,140,1,8,248,3,49,0.595238095238,57,44,0.771929824561,0.230769230769,7,1,1.0
org/apache/jmeter/functions/gui/FunctionHelper.java,0,7,122,4,12,7,1,4,0.627659574468,149,20,0.134228187919,1.0,0,1,1.0
org/apache/jmeter/gui/GuiPackage.java,3,52,505,2,8,216,1,32,0.996515679443,401,379,0.945137157107,0.666666666667,0,1,1.0
org/apache/jmeter/gui/GuiPackage.java,7,52,505,2,10,216,2,32,0.207897793264,401,379,0.945137157107,0.357142857143,0,1,0.0
org/apache/jmeter/gui/GuiPackage.java,13,52,505,2,0,216,1,32,0.365853658537,401,379,0.945137157107,1.0,0,1,1.0
org/apache/jmeter/gui/GuiPackage.java,15,52,505,2,0,216,2,32,0.288037166086,401,379,0.945137157107,1.0,0,1,1.0
org/apache/jmeter/gui/JMeterFileFilter.java,3,5,505,1,8,216,1,32,0.663716814159,33,69,2.09090909091,0.666666666667,0,1,1.0
org/apache/jmeter/gui/JMeterFileFilter.java,4,5,505,1,8,216,1,32,0.513274336283,33,69,2.09090909091,0.5,0,1,1.0
org/apache/jmeter/gui/MainFrame.java,15,39,505,9,12,216,5,32,0.375709421112,542,234,0.431734317343,0.266666666667,0,1,1.0
org/apache/jmeter/gui/MainFrame.java,0,39,505,9,19,216,1,32,0.706015891033,542,234,0.431734317343,1.0,0,1,1.0
org/apache/jmeter/gui/MainFrame.java,0,39,505,9,16,216,1,32,0.753688989784,542,234,0.431734317343,1.0,0,1,1.0
org/apache/jmeter/gui/action/AboutCommand.java,0,3,358,2,16,191,1,60,0.714285714286,75,39,0.52,1.0,0,1,1.0
org/apache/jmeter/gui/action/ActionRouter.java,22,15,358,2,20,191,5,60,0.980769230769,208,104,0.5,0.25,1,0,0.0
org/apache/jmeter/gui/action/Copy.java,13,8,358,1,8,191,2,60,0.551020408163,103,28,0.271844660194,0.923076923077,15,1,1.0
org/apache/jmeter/gui/action/ExitCommand.java,54,3,358,1,16,191,16,60,0.9125,39,31,0.794871794872,0.203703703704,26,0,1.0
org/apache/jmeter/gui/action/Help.java,25,2,358,1,0,191,5,60,0.681415929204,64,34,0.53125,1.0,31,1,1.0
org/apache/jmeter/gui/action/LoadRecentProject.java,26,11,358,1,16,191,5,60,0.653846153846,157,82,0.522292993631,0.346153846154,14,1,1.0
org/apache/jmeter/gui/action/LoggerPanelEnableDisable.java,18,3,358,1,8,191,4,60,0.817073170732,37,35,0.945945945946,0.166666666667,26,1,0.0
org/apache/jmeter/gui/action/RawTextSearcher.java,10,3,358,1,12,191,3,60,0.543209876543,39,34,0.871794871795,0.8,0,1,1.0
org/apache/jmeter/gui/action/RawTextSearcher.java,17,3,358,1,20,191,6,60,0.728395061728,39,34,0.871794871795,0.529411764706,0,1,0.0
org/apache/jmeter/gui/action/RawTextSearcher.java,6,3,358,1,12,191,2,60,0.950617283951,39,34,0.871794871795,0.5,3,1,0.0
org/apache/jmeter/gui/action/RegexpSearcher.java,11,2,358,1,12,191,3,60,0.652777777778,36,28,0.777777777778,0.818181818182,0,1,0.0
org/apache/jmeter/gui/action/RegexpSearcher.java,17,2,358,1,20,191,6,60,0.875,36,28,0.777777777778,0.529411764706,5,1,0.0
org/apache/jmeter/gui/action/Save.java,54,6,358,3,8,191,10,60,0.736486486486,270,134,0.496296296296,0.166666666667,0,1,1.0
org/apache/jmeter/gui/action/Save.java,0,6,358,3,13,191,1,60,0.81981981982,270,134,0.496296296296,1.0,0,1,1.0
org/apache/jmeter/gui/tree/JMeterTreeListener.java,12,8,358,3,0,191,3,60,0.971193415638,172,39,0.226744186047,1.0,14,1,1.0
org/apache/jmeter/gui/tree/JMeterTreeListener.java,6,21,151,1,0,68,1,8,0.647773279352,149,65,0.436241610738,1.0,5,1,1.0
org/apache/jmeter/gui/tree/JMeterTreeListener.java,4,21,151,1,8,68,1,8,0.595141700405,149,65,0.436241610738,0.5,0,1,1.0
org/apache/jmeter/gui/tree/JMeterTreeListener.java,11,21,151,1,8,68,3,8,0.542510121457,149,65,0.436241610738,0.181818181818,0,1,1.0
org/apache/jmeter/gui/tree/JMeterTreeListener.java,18,21,151,1,8,68,5,8,0.736842105263,149,65,0.436241610738,0.222222222222,0,1,1.0
org/apache/jmeter/gui/tree/JMeterTreeTransferHandler.java,6,21,151,1,8,68,1,8,0.643724696356,149,65,0.436241610738,0.666666666667,5,1,1.0
org/apache/jmeter/gui/tree/JMeterTreeTransferHandler.java,38,8,151,3,8,68,11,8,0.537974683544,216,40,0.185185185185,0.5,0,1,1.0
org/apache/jmeter/gui/util/FileListPanel.java,54,8,151,3,8,68,9,8,0.737341772152,216,40,0.185185185185,0.425925925926,31,1,1.0
org/apache/jmeter/gui/util/HeaderAsPropertyRenderer.java,27,15,944,1,12,249,7,45,0.945701357466,144,40,0.277777777778,0.518518518519,19,1,1.0
org/apache/jmeter/gui/util/IconToolbarBean.java,4,4,944,1,8,249,1,45,0.577777777778,46,34,0.739130434783,0.75,0,1,1.0
org/apache/jmeter/gui/util/JMeterMenuBar.java,11,6,944,1,0,249,1,45,0.660194174757,48,39,0.8125,1.0,7,1,1.0
org/apache/jmeter/gui/util/JMeterMenuBar.java,9,35,944,2,8,249,1,45,0.814201183432,582,122,0.209621993127,0.777777777778,0,1,1.0
org/apache/jmeter/gui/util/MenuInfo.java,45,35,944,2,0,249,8,45,0.30650887574,582,122,0.209621993127,1.0,27,1,1.0
org/apache/jmeter/gui/util/PowerTableModel.java,3,4,944,1,8,249,1,45,1.09821428571,26,20,0.769230769231,0.666666666667,0,0,1.0
org/apache/jmeter/gui/util/PowerTableModel.java,7,22,944,1,8,249,3,45,0.176470588235,183,42,0.229508196721,0.857142857143,0,1,1.0
org/apache/jmeter/gui/util/TextBoxDialoger.java,63,22,944,1,0,249,1,45,0.549019607843,183,42,0.229508196721,1.0,38,1,1.0
org/apache/jmeter/gui/util/TristateCheckBox.java,37,9,944,3,8,249,3,45,0.456896551724,141,49,0.347517730496,0.135135135135,41,1,1.0
org/apache/jmeter/modifiers/BSFPreProcessor.java,0,14,944,6,0,249,1,45,0.819628647215,258,62,0.240310077519,1.0,0,1,1.0
org/apache/jmeter/modifiers/BeanShellPreProcessor.java,0,1,180,1,7,47,1,10,0.58,28,17,0.607142857143,1.0,0,1,1.0
org/apache/jmeter/modifiers/CounterConfig.java,0,2,180,1,5,47,1,10,0.5,38,19,0.5,1.0,0,1,1.0
org/apache/jmeter/modifiers/CounterConfig.java,0,25,180,3,6,47,1,10,0.253112033195,159,40,0.251572327044,1.0,0,1,1.0
org/apache/jmeter/modifiers/JSR223PreProcessor.java,0,25,180,3,12,47,1,10,0.323651452282,159,40,0.251572327044,1.0,0,1,1.0
org/apache/jmeter/modifiers/UserParameters.java,0,1,180,1,5,47,1,10,0.68085106383,23,17,0.739130434783,1.0,0,1,1.0
org/apache/jmeter/modifiers/gui/CounterConfigGui.java,0,15,180,1,5,47,1,10,0.183168316832,103,75,0.728155339806,1.0,0,1,1.0
org/apache/jmeter/modifiers/gui/UserParametersGui.java,17,8,84,1,8,21,4,7,0.696774193548,105,32,0.304761904762,0.176470588235,18,1,1.0
org/apache/jmeter/modifiers/gui/UserParametersGui.java,22,13,84,6,8,21,3,7,0.233830845771,288,51,0.177083333333,0.181818181818,0,1,0.0
org/apache/jmeter/modifiers/gui/UserParametersGui.java,20,13,84,6,8,21,4,7,0.328358208955,288,51,0.177083333333,0.15,0,1,1.0
org/apache/jmeter/monitor/util/MemoryBenchmark.java,0,13,84,6,14,21,1,7,0.398009950249,288,51,0.177083333333,1.0,0,1,0.0
org/apache/jmeter/protocol/ftp/sampler/FTPSampler.java,80,1,163,1,12,6,6,2,0.361538461538,98,20,0.204081632653,0.0875,93,1,0.0
org/apache/jmeter/protocol/http/config/MultipartUrlConfig.java,135,18,0,1,0,18,25,1,0.651234567901,249,37,0.14859437751,1.0,62,1,1.0
org/apache/jmeter/protocol/http/config/gui/HttpDefaultsGui.java,36,10,75,1,20,10,8,1,0.792134831461,93,65,0.698924731183,0.388888888889,22,2,1.0
org/apache/jmeter/protocol/http/control/AuthManager.java,33,10,596,3,8,45,9,6,0.392523364486,152,33,0.217105263158,0.0606060606061,34,1,0.0
org/apache/jmeter/protocol/http/control/AuthManager.java,48,33,539,4,12,221,9,23,0.697026022305,329,150,0.455927051672,0.25,0,1,0.0
org/apache/jmeter/protocol/http/control/AuthManager.java,20,33,539,4,12,221,3,23,0.635687732342,329,150,0.455927051672,0.4,0,1,1.0
org/apache/jmeter/protocol/http/control/Authorization.java,0,33,539,4,7,221,1,23,0.130111524164,329,150,0.455927051672,1.0,0,1,1.0
org/apache/jmeter/protocol/http/control/Authorization.java,3,18,539,1,8,221,1,23,1.62867647059,75,31,0.413333333333,0.666666666667,0,0,1.0
org/apache/jmeter/protocol/http/control/CacheManager.java,0,18,539,1,4,221,1,23,0.433823529412,75,31,0.413333333333,1.0,0,1,1.0
org/apache/jmeter/protocol/http/control/CacheManager.java,48,30,539,3,0,221,17,23,0.503092783505,323,112,0.346749226006,1.0,0,1,1.0
org/apache/jmeter/protocol/http/control/Cookie.java,0,30,539,3,8,221,1,23,0.115463917526,323,112,0.346749226006,1.0,0,1,1.0
org/apache/jmeter/protocol/http/control/CookieManager.java,0,23,539,1,4,221,1,23,0.221402214022,107,125,1.16822429907,1.0,0,1,1.0
org/apache/jmeter/protocol/http/control/CookieManager.java,51,30,539,1,0,221,10,23,0.466970387244,275,110,0.4,1.0,0,1,0.0
org/apache/jmeter/protocol/http/control/CookieManager.java,19,30,539,1,0,221,4,23,0.391799544419,275,110,0.4,1.0,0,1,1.0
org/apache/jmeter/protocol/http/control/Header.java,0,30,539,1,7,221,1,23,0.134396355353,275,110,0.4,1.0,0,1,1.0
org/apache/jmeter/protocol/http/control/HeaderManager.java,0,9,539,1,4,221,1,23,0.387387387387,39,56,1.4358974359,1.0,0,1,0.0
org/apache/jmeter/protocol/http/control/HeaderManager.java,32,18,539,1,0,221,6,23,0.477564102564,163,116,0.711656441718,1.0,0,1,0.0
org/apache/jmeter/protocol/http/control/HeaderManager.java,16,18,539,1,0,221,3,23,0.371794871795,163,116,0.711656441718,1.0,0,1,1.0
org/apache/jmeter/protocol/http/control/HttpMirrorServer.java,0,18,539,1,7,221,1,23,0.160256410256,163,116,0.711656441718,1.0,0,1,1.0
org/apache/jmeter/protocol/http/control/KerberosManager.java,49,6,539,1,0,221,8,23,0.825581395349,95,60,0.631578947368,1.0,16,1,1.0
org/apache/jmeter/protocol/http/control/gui/HttpMirrorControlGui.java,0,7,539,3,15,221,1,23,0.445205479452,104,22,0.211538461538,1.0,0,1,1.0
org/apache/jmeter/protocol/http/control/gui/HttpMirrorControlGui.java,9,11,552,1,8,56,1,9,0.52358490566,144,22,0.152777777778,0.444444444444,0,1,1.0
org/apache/jmeter/protocol/http/control/gui/HttpTestSampleGui.java,0,11,552,1,5,56,1,9,0.235849056604,144,22,0.152777777778,1.0,0,1,1.0
org/apache/jmeter/protocol/http/control/gui/HttpTestSampleGui.java,15,13,552,3,8,56,2,9,0.320945945946,199,53,0.266331658291,0.2,0,1,1.0
org/apache/jmeter/protocol/http/control/gui/SoapSamplerGui.java,17,13,552,3,8,56,3,9,0.432432432432,199,53,0.266331658291,0.235294117647,20,1,0.0
org/apache/jmeter/protocol/http/control/gui/WebServiceSamplerGui.java,10,8,552,2,8,56,1,9,0.909604519774,120,34,0.283333333333,0.3,13,1,0.0
org/apache/jmeter/protocol/http/control/gui/WebServiceSamplerGui.java,35,18,552,1,8,56,6,9,0.731707317073,358,111,0.310055865922,0.0857142857143,0,1,0.0
org/apache/jmeter/protocol/http/control/gui/WebServiceSamplerGui.java,21,18,552,1,8,56,1,9,0.31894934334,358,111,0.310055865922,0.0952380952381,0,1,0.0
org/apache/jmeter/protocol/http/gui/AuthPanel.java,15,18,552,1,0,56,2,9,0.87617260788,358,111,0.310055865922,1.0,10,1,1.0
org/apache/jmeter/protocol/http/gui/AuthPanel.java,10,11,689,4,8,89,2,11,0.311546840959,323,65,0.201238390093,0.5,0,1,1.0
org/apache/jmeter/protocol/http/gui/CookiePanel.java,8,11,689,4,8,89,1,11,0.257080610022,323,65,0.201238390093,0.375,11,1,1.0
org/apache/jmeter/protocol/http/modifier/AnchorModifier.java,7,7,689,1,8,89,1,11,0.517985611511,76,42,0.552631578947,0.428571428571,0,1,1.0
org/apache/jmeter/protocol/http/modifier/ParamMask.java,11,7,689,1,8,89,1,11,0.647482014388,76,42,0.552631578947,0.272727272727,7,1,0.0
org/apache/jmeter/protocol/http/modifier/ParamModifier.java,9,15,689,1,8,89,1,11,0.733021077283,303,65,0.214521452145,0.333333333333,9,1,0.0
org/apache/jmeter/protocol/http/modifier/RegExUserParameters.java,0,7,264,1,10,76,1,9,0.221276595745,199,22,0.110552763819,1.0,0,1,1.0
org/apache/jmeter/protocol/http/modifier/URLRewritingModifier.java,0,17,264,1,4,76,1,9,0.145161290323,88,127,1.44318181818,1.0,0,1,1.0
org/apache/jmeter/protocol/http/modifier/gui/ParamModifierGui.java,0,8,264,1,5,76,1,9,0.471337579618,62,76,1.22580645161,1.0,0,1,0.0
org/apache/jmeter/protocol/http/modifier/gui/URLRewritingModifierGui.java,0,9,264,1,6,76,1,9,0.272108843537,91,35,0.384615384615,1.0,0,1,0.0
org/apache/jmeter/protocol/http/modifier/gui/URLRewritingModifierGui.java,0,16,264,1,7,76,1,9,0.163865546218,168,28,0.166666666667,1.0,0,1,0.0
org/apache/jmeter/protocol/http/parser/HtmlParsingUtils.java,5,13,311,1,8,36,2,4,0.378600823045,155,44,0.283870967742,0.6,1,1,1.0
org/apache/jmeter/protocol/http/parser/JsoupBasedHtmlParser.java,10,7,311,1,8,36,8,4,0.937062937063,84,31,0.369047619048,0.2,0,1,1.0
org/apache/jmeter/protocol/http/parser/URLString.java,10,7,311,1,8,36,9,4,0.734265734266,84,31,0.369047619048,0.3,13,1,1.0
org/apache/jmeter/protocol/http/proxy/Daemon.java,6,17,464,1,8,62,1,21,0.712158808933,244,120,0.491803278689,0.666666666667,0,1,1.0
org/apache/jmeter/protocol/http/proxy/HttpRequestHdr.java,0,2,464,4,0,62,1,21,0.496932515337,106,42,0.396226415094,1.0,0,1,1.0
org/apache/jmeter/protocol/http/proxy/HttpRequestHdr.java,3,6,464,1,8,62,1,21,6.42857142857,31,33,1.06451612903,0.666666666667,0,0,1.0
org/apache/jmeter/protocol/http/proxy/HttpRequestHdr.java,30,4,396,1,0,189,6,19,0.878048780488,66,80,1.21212121212,1.0,10,1,1.0
org/apache/jmeter/protocol/http/proxy/Proxy.java,92,21,396,1,14,189,21,19,0.30652173913,285,134,0.470175438596,0.342391304348,0,0,1.0
org/apache/jmeter/protocol/http/proxy/Proxy.java,46,21,396,1,0,189,11,19,0.330434782609,285,134,0.470175438596,1.0,0,1,0.0
org/apache/jmeter/protocol/http/proxy/Proxy.java,3,21,396,1,8,189,1,19,0.94347826087,285,134,0.470175438596,0.666666666667,0,1,1.0
org/apache/jmeter/protocol/http/proxy/Proxy.java,22,15,396,2,0,189,4,19,0.70206022187,435,150,0.344827586207,1.0,0,1,1.0
org/apache/jmeter/protocol/http/proxy/Proxy.java,13,15,396,2,12,189,2,19,0.741679873217,435,150,0.344827586207,0.384615384615,0,1,1.0
org/apache/jmeter/protocol/http/proxy/ProxyControl.java,238,15,396,2,18,189,57,19,0.317749603803,435,150,0.344827586207,0.151260504202,66,0,1.0
org/apache/jmeter/protocol/http/proxy/ProxyControl.java,119,15,396,2,0,189,29,19,0.339144215531,435,150,0.344827586207,1.0,66,1,1.0
org/apache/jmeter/protocol/http/proxy/ProxyControl.java,119,15,396,2,0,189,29,19,0.413629160063,435,150,0.344827586207,1.0,66,1,0.0
org/apache/jmeter/protocol/http/proxy/ProxyControl.java,43,83,396,7,32,189,8,19,0.415796344648,1074,281,0.261638733706,0.627906976744,0,1,1.0
org/apache/jmeter/protocol/http/proxy/ProxyControl.java,3,83,396,7,8,189,1,19,0.250326370757,1074,281,0.261638733706,0.666666666667,0,0,1.0
org/apache/jmeter/protocol/http/proxy/ProxyControl.java,16,83,396,7,0,189,6,19,0.450391644909,1074,281,0.261638733706,1.0,0,1,1.0
org/apache/jmeter/protocol/http/proxy/ProxyControl.java,24,83,396,7,0,189,6,19,0.965404699739,1074,281,0.261638733706,1.0,0,1,1.0
org/apache/jmeter/protocol/http/proxy/ProxyControl.java,17,83,396,7,0,189,5,19,0.905352480418,1074,281,0.261638733706,1.0,0,1,0.0
org/apache/jmeter/protocol/http/proxy/ProxyControl.java,71,83,396,7,0,189,15,19,0.76501305483,1074,281,0.261638733706,1.0,0,1,0.0
org/apache/jmeter/protocol/http/proxy/ProxyControl.java,168,83,396,7,24,189,52,19,0.360095735422,1074,281,0.261638733706,0.107142857143,0,0,0.0
org/apache/jmeter/protocol/http/proxy/SamplerCreatorFactory.java,0,83,396,7,15,189,1,19,0.554177545692,1074,281,0.261638733706,1.0,0,1,1.0
org/apache/jmeter/protocol/http/proxy/gui/ProxyControlGui.java,0,83,396,7,15,189,1,19,0.573759791123,1074,281,0.261638733706,1.0,0,1,1.0
org/apache/jmeter/protocol/http/proxy/gui/ProxyControlGui.java,0,83,396,7,15,189,1,19,0.593994778068,1074,281,0.261638733706,1.0,0,1,1.0
org/apache/jmeter/protocol/http/sampler/AccessLogSampler.java,35,3,396,1,0,189,11,19,0.769230769231,62,33,0.532258064516,1.0,24,1,1.0
org/apache/jmeter/protocol/http/sampler/AjpSampler.java,23,35,0,1,8,35,2,1,0.321756894791,720,121,0.168055555556,0.173913043478,0,1,1.0
org/apache/jmeter/protocol/http/sampler/HTTPHC3Impl.java,0,35,0,1,7,35,1,1,0.0868232890705,720,121,0.168055555556,1.0,0,1,0.0
org/apache/jmeter/protocol/http/sampler/HTTPHC3Impl.java,0,23,1920,1,7,391,1,52,0.177377892031,200,154,0.77,1.0,0,1,0.0
org/apache/jmeter/protocol/http/sampler/HTTPHC3Impl.java,81,24,1920,1,0,391,15,52,0.558270676692,461,32,0.0694143167028,1.0,59,1,0.0
org/apache/jmeter/protocol/http/sampler/HTTPHC3Impl.java,39,17,1920,5,0,391,7,52,0.225388601036,736,301,0.408967391304,1.0,0,0,0.0
org/apache/jmeter/protocol/http/sampler/HTTPHC4Impl.java,0,17,1920,5,20,391,1,52,0.193436960276,736,301,0.408967391304,1.0,0,1,1.0
org/apache/jmeter/protocol/http/sampler/HTTPHC4Impl.java,0,17,1920,5,20,391,1,52,0.201208981002,736,301,0.408967391304,1.0,0,1,0.0
org/apache/jmeter/protocol/http/sampler/HTTPHC4Impl.java,0,17,1920,5,0,391,1,52,0.934369602763,736,301,0.408967391304,1.0,0,1,1.0
org/apache/jmeter/protocol/http/sampler/HTTPHC4Impl.java,142,24,1920,10,0,391,28,52,0.222141823444,930,309,0.332258064516,1.0,0,1,1.0
org/apache/jmeter/protocol/http/sampler/HTTPHCAbstractImpl.java,0,24,1920,10,26,391,1,52,0.365412445731,930,309,0.332258064516,1.0,0,1,1.0
org/apache/jmeter/protocol/http/sampler/HTTPHCAbstractImpl.java,0,24,1920,10,16,391,1,52,0.480463096961,930,309,0.332258064516,1.0,0,1,1.0
org/apache/jmeter/protocol/http/sampler/HTTPSamplerBase.java,0,24,1920,10,0,391,1,52,0.717800289436,930,309,0.332258064516,1.0,0,1,1.0
org/apache/jmeter/protocol/http/sampler/HTTPSamplerBase.java,0,6,1920,1,4,391,1,52,0.380952380952,93,43,0.462365591398,1.0,0,1,0.0
org/apache/jmeter/protocol/http/sampler/HTTPSamplerBase.java,0,6,1920,1,4,391,1,52,0.392857142857,93,43,0.462365591398,1.0,0,1,0.0
org/apache/jmeter/protocol/http/sampler/HTTPSamplerBase.java,25,124,1920,7,0,391,9,52,0.796250616675,1280,520,0.40625,1.0,0,1,0.0
org/apache/jmeter/protocol/http/sampler/PostWriter.java,16,124,1920,7,8,391,3,52,0.669462259497,1280,520,0.40625,0.125,0,1,1.0
org/apache/jmeter/protocol/http/sampler/PostWriter.java,12,124,1920,7,8,391,1,52,0.446472619635,1280,520,0.40625,0.416666666667,0,1,1.0
org/apache/jmeter/protocol/http/sampler/SoapSampler.java,0,124,1920,7,34,391,1,52,0.636408485446,1280,520,0.40625,1.0,0,1,0.0
org/apache/jmeter/protocol/http/sampler/SoapSampler.java,51,13,1920,1,0,391,12,52,0.259179265659,262,155,0.591603053435,1.0,38,1,0.0
org/apache/jmeter/protocol/http/sampler/SoapSampler.java,51,13,1920,1,0,391,12,52,0.252699784017,262,155,0.591603053435,1.0,38,1,0.0
org/apache/jmeter/protocol/http/sampler/SoapSampler.java,3,15,1920,3,8,391,1,52,0.417771883289,260,58,0.223076923077,0.666666666667,0,0,0.0
org/apache/jmeter/protocol/http/sampler/WebServiceSampler.java,3,15,1920,3,6,391,1,52,0.423076923077,260,58,0.223076923077,0.833333333333,0,0,0.0
org/apache/jmeter/protocol/http/sampler/WebServiceSampler.java,0,15,1920,3,9,391,1,52,0.132625994695,260,58,0.223076923077,1.0,0,1,0.0
org/apache/jmeter/protocol/http/sampler/WebServiceSampler.java,0,15,1920,3,18,391,1,52,0.46949602122,260,58,0.223076923077,1.0,0,1,0.0
org/apache/jmeter/protocol/http/util/Base64Encoder.java,3,35,1920,1,6,391,1,52,1.01843971631,391,242,0.618925831202,0.833333333333,0,0,1.0
org/apache/jmeter/protocol/http/util/ConversionUtils.java,24,35,1920,1,16,391,5,52,0.231914893617,391,242,0.618925831202,0.229166666667,0,0,1.0
org/apache/jmeter/protocol/http/util/HC4TrustAllSSLSocketFactory.java,164,35,1920,1,0,391,28,52,0.882269503546,391,242,0.618925831202,1.0,0,1,1.0
org/apache/jmeter/protocol/http/util/HTTPArgument.java,3,4,482,1,0,119,1,23,0.493975903614,50,26,0.52,1.0,0,1,1.0
org/apache/jmeter/protocol/http/util/HTTPFileArg.java,28,5,482,1,16,119,8,23,0.249084249084,156,88,0.564102564103,0.25,13,1,1.0
org/apache/jmeter/protocol/http/util/HTTPFileArgs.java,5,5,482,2,0,119,2,23,0.91,48,40,0.833333333333,1.0,3,1,1.0
org/apache/jmeter/protocol/http/util/WSDLHelper.java,0,17,482,1,6,119,1,23,0.152985074627,125,115,0.92,1.0,0,1,0.0
org/apache/jmeter/protocol/http/util/WSDLHelper.java,0,16,482,1,4,119,1,23,0.226495726496,76,132,1.73684210526,1.0,0,1,0.0
org/apache/jmeter/protocol/http/util/accesslog/LogFilter.java,0,17,482,1,5,119,1,23,0.186440677966,103,111,1.07766990291,1.0,0,1,1.0
org/apache/jmeter/protocol/http/util/accesslog/LogFilter.java,19,19,482,1,0,119,2,23,0.985915492958,211,176,0.834123222749,1.0,0,1,1.0
org/apache/jmeter/protocol/http/util/accesslog/LogFilter.java,19,19,482,1,16,119,5,23,0.781690140845,211,176,0.834123222749,0.578947368421,11,1,1.0
org/apache/jmeter/protocol/http/util/accesslog/LogFilter.java,6,17,156,1,12,114,2,10,0.367816091954,183,212,1.15846994536,0.5,0,1,1.0
org/apache/jmeter/protocol/http/util/accesslog/SessionFilter.java,9,17,156,1,12,114,3,10,0.459770114943,183,212,1.15846994536,0.333333333333,0,1,1.0
org/apache/jmeter/protocol/http/util/accesslog/SessionFilter.java,6,17,156,1,12,114,2,10,0.333333333333,183,212,1.15846994536,0.5,0,1,0.0
org/apache/jmeter/protocol/http/util/accesslog/SessionFilter.java,9,17,156,1,12,114,3,10,0.406896551724,183,212,1.15846994536,0.333333333333,12,1,0.0
org/apache/jmeter/protocol/http/util/accesslog/SessionFilter.java,6,15,156,1,8,114,1,10,0.676991150442,130,75,0.576923076923,0.666666666667,0,1,0.0
org/apache/jmeter/protocol/http/util/accesslog/SessionFilter.java,12,15,156,1,8,114,3,10,0.398230088496,130,75,0.576923076923,0.565476190476,0,1,1.0
org/apache/jmeter/protocol/http/util/accesslog/SessionFilter.java,31,15,156,1,16,114,6,10,0.738938053097,130,75,0.576923076923,0.193548387097,0,1,1.0
org/apache/jmeter/protocol/http/util/accesslog/SharedTCLogParser.java,6,15,156,1,12,114,2,10,0.955752212389,130,75,0.576923076923,0.666666666667,0,1,1.0
org/apache/jmeter/protocol/http/util/accesslog/TCLogParser.java,31,15,156,1,12,114,6,10,0.796460176991,130,75,0.576923076923,0.41935483871,0,1,1.0
org/apache/jmeter/protocol/http/util/accesslog/TCLogParser.java,3,15,156,1,8,114,1,10,0.362831858407,130,75,0.576923076923,0.666666666667,1,1,1.0
org/apache/jmeter/protocol/http/util/accesslog/TCLogParser.java,6,6,156,1,8,114,1,10,0.35,60,49,0.816666666667,0.583333333333,2,1,1.0
org/apache/jmeter/protocol/http/util/accesslog/TCLogParser.java,3,25,156,1,8,114,1,10,0.82905982906,262,280,1.06870229008,0.666666666667,0,1,1.0
org/apache/jmeter/protocol/http/util/accesslog/TCLogParser.java,25,25,156,1,0,114,4,10,0.895726495726,262,280,1.06870229008,1.0,0,1,1.0
org/apache/jmeter/protocol/http/util/accesslog/TCLogParser.java,7,25,156,1,12,114,2,10,0.360683760684,262,280,1.06870229008,0.428571428571,0,1,1.0
org/apache/jmeter/protocol/java/config/JavaConfig.java,7,25,156,1,8,114,2,10,0.365811965812,262,280,1.06870229008,0.857142857143,0,1,1.0
org/apache/jmeter/protocol/java/config/gui/JavaConfigGui.java,6,25,156,1,0,114,2,10,0.574358974359,262,280,1.06870229008,1.0,0,1,0.0
org/apache/jmeter/protocol/java/config/gui/JavaConfigGui.java,0,25,156,1,4,114,1,10,0.174358974359,262,280,1.06870229008,1.0,0,1,1.0
org/apache/jmeter/protocol/java/control/gui/JUnitTestSamplerGui.java,0,7,23,1,4,7,1,1,0.358333333333,31,77,2.48387096774,1.0,0,1,1.0
org/apache/jmeter/protocol/java/control/gui/JUnitTestSamplerGui.java,10,12,0,1,8,12,1,1,0.951957295374,158,85,0.537974683544,0.35,0,0,1.0
org/apache/jmeter/protocol/java/sampler/JSR223Sampler.java,38,12,0,1,0,12,9,1,0.740213523132,158,85,0.537974683544,1.0,24,1,1.0
org/apache/jmeter/protocol/java/sampler/JUnitSampler.java,50,15,134,1,8,38,13,4,0.713302752294,337,50,0.148367952522,0.06,0,1,1.0
org/apache/jmeter/protocol/java/sampler/JUnitSampler.java,30,15,134,1,8,38,5,4,0.635321100917,337,50,0.148367952522,0.0666666666667,35,1,1.0
org/apache/jmeter/protocol/java/sampler/JavaSampler.java,0,2,399,1,7,87,1,14,0.450549450549,61,20,0.327868852459,1.0,0,1,1.0
org/apache/jmeter/protocol/java/sampler/JavaSampler.java,0,39,399,4,20,87,1,14,0.929752066116,443,231,0.52144469526,1.0,0,1,1.0
org/apache/jmeter/protocol/jdbc/AbstractJDBCTestElement.java,0,39,399,4,25,87,1,14,0.942148760331,443,231,0.52144469526,1.0,0,1,1.0
org/apache/jmeter/protocol/jdbc/AbstractJDBCTestElement.java,20,16,399,2,0,87,4,14,0.665706051873,164,144,0.878048780488,1.0,0,1,0.0
org/apache/jmeter/protocol/jdbc/AbstractJDBCTestElement.java,12,16,399,2,0,87,2,14,0.363112391931,164,144,0.878048780488,1.0,11,1,1.0
org/apache/jmeter/protocol/jdbc/AbstractJDBCTestElement.java,55,40,42,2,12,41,22,3,0.509752925878,563,135,0.239786856128,0.854545454545,0,1,0.0
org/apache/jmeter/protocol/jdbc/AbstractJDBCTestElement.java,70,40,42,2,13,41,13,3,0.582574772432,563,135,0.239786856128,0.361904761905,0,0,0.0
org/apache/jmeter/protocol/jdbc/config/DataSourceElement.java,150,40,42,2,18,41,21,3,0.228868660598,563,135,0.239786856128,0.13,0,0,0.0
org/apache/jmeter/protocol/jdbc/sampler/JDBCSampler.java,35,40,42,2,16,41,7,3,0.581274382315,563,135,0.239786856128,0.628571428571,0,1,0.0
org/apache/jmeter/protocol/jms/client/InitialContextFactory.java,0,40,42,2,17,41,1,3,0.556566970091,563,135,0.239786856128,1.0,0,1,0.0
org/apache/jmeter/protocol/jms/control/gui/JMSPropertiesPanel.java,17,36,0,3,0,38,5,4,0.556640625,323,131,0.405572755418,1.0,7,1,1.0
org/apache/jmeter/protocol/jms/control/gui/JMSPublisherGui.java,90,3,5,1,12,4,3,2,0.819327731092,73,30,0.41095890411,0.377777777778,35,0,1.0
org/apache/jmeter/protocol/jms/control/gui/JMSPublisherGui.java,33,4,72,1,0,26,4,4,0.449438202247,92,75,0.815217391304,1.0,18,1,1.0
org/apache/jmeter/protocol/jms/control/gui/JMSSubscriberGui.java,6,10,574,3,8,42,1,6,0.271708683473,230,71,0.308695652174,0.5,9,1,1.0
org/apache/jmeter/protocol/jms/control/gui/JMSSubscriberGui.java,28,14,574,1,8,42,1,6,0.682051282051,255,83,0.325490196078,0.107142857143,0,1,1.0
org/apache/jmeter/protocol/jms/sampler/JMSProperties.java,5,14,574,1,8,42,1,6,0.4,255,83,0.325490196078,0.4,7,1,1.0
org/apache/jmeter/protocol/jms/sampler/JMSProperty.java,24,9,574,1,8,42,1,6,0.748251748252,198,45,0.227272727273,0.125,0,1,1.0
org/apache/jmeter/protocol/jms/sampler/JMSSampler.java,22,9,574,1,8,42,1,6,0.503496503497,198,45,0.227272727273,0.0909090909091,44,1,1.0
org/apache/jmeter/protocol/jms/sampler/JMSSampler.java,0,16,542,1,5,180,1,12,0.193548387097,104,121,1.16346153846,1.0,0,1,0.0
org/apache/jmeter/protocol/jms/sampler/JMSSampler.java,0,11,542,1,5,180,1,12,0.27485380117,68,81,1.19117647059,1.0,0,1,0.0
org/apache/jmeter/protocol/jms/sampler/JMSSampler.java,3,45,542,1,8,180,1,12,0.845744680851,398,69,0.173366834171,0.666666666667,0,0,0.0
org/apache/jmeter/protocol/jms/sampler/PublisherSampler.java,3,45,542,1,6,180,1,12,0.867907801418,398,69,0.173366834171,0.833333333333,0,0,0.0
org/apache/jmeter/protocol/jms/sampler/PublisherSampler.java,49,45,542,1,0,180,10,12,0.310283687943,398,69,0.173366834171,1.0,0,1,0.0
org/apache/jmeter/protocol/jms/sampler/PublisherSampler.java,67,45,542,1,0,180,14,12,0.689716312057,398,69,0.173366834171,1.0,38,1,0.0
org/apache/jmeter/protocol/jms/sampler/SubscriberSampler.java,17,33,542,1,8,180,1,12,0.666666666667,331,180,0.543806646526,0.411764705882,0,1,1.0
org/apache/jmeter/protocol/ldap/config/gui/LDAPArgument.java,12,33,542,1,10,180,1,12,0.705061082024,331,180,0.543806646526,0.416666666667,0,1,1.0
org/apache/jmeter/protocol/ldap/config/gui/LDAPArguments.java,69,33,542,1,0,180,8,12,0.369982547993,331,180,0.543806646526,1.0,41,1,1.0
org/apache/jmeter/protocol/ldap/control/gui/LdapExtTestSamplerGui.java,78,32,542,1,0,180,13,12,0.375733855186,323,132,0.40866873065,1.0,34,1,0.0
org/apache/jmeter/protocol/ldap/control/gui/LdapTestSamplerGui.java,0,11,919,1,4,87,1,5,0.335195530726,50,107,2.14,1.0,0,1,0.0
org/apache/jmeter/protocol/ldap/sampler/LDAPExtSampler.java,0,17,919,1,5,87,1,5,0.187969924812,112,129,1.15178571429,1.0,0,1,1.0
org/apache/jmeter/protocol/ldap/sampler/LDAPExtSampler.java,5,7,82,1,8,14,1,2,0.738738738739,49,47,0.959183673469,0.6,8,1,0.0
org/apache/jmeter/protocol/ldap/sampler/LDAPExtSampler.java,12,7,82,1,8,14,1,2,0.692660550459,59,35,0.593220338983,0.291666666667,10,0,1.0
org/apache/jmeter/protocol/mail/sampler/gui/MailReaderSamplerGui.java,32,64,0,3,12,109,7,6,0.516363636364,672,284,0.422619047619,0.1875,0,1,1.0
org/apache/jmeter/protocol/mail/sampler/gui/MailReaderSamplerGui.java,0,64,0,3,11,109,1,6,0.881818181818,672,284,0.422619047619,1.0,0,1,1.0
org/apache/jmeter/protocol/mongodb/sampler/MongoScriptSampler.java,0,64,0,3,14,109,1,6,0.894545454545,672,284,0.422619047619,1.0,0,1,1.0
org/apache/jmeter/protocol/smtp/sampler/SmtpSampler.java,22,15,205,3,8,15,3,3,0.364179104478,240,31,0.129166666667,0.0909090909091,0,1,0.0
org/apache/jmeter/protocol/smtp/sampler/SmtpSampler.java,21,15,205,3,8,15,4,3,0.480597014925,240,31,0.129166666667,0.190476190476,25,1,0.0
org/apache/jmeter/protocol/smtp/sampler/SmtpSampler.java,68,14,127,1,12,17,1,3,0.572916666667,96,22,0.229166666667,0.367647058824,25,0,1.0
org/apache/jmeter/protocol/smtp/sampler/gui/SmtpPanel.java,155,8,0,1,0,8,20,1,0.731155778894,292,60,0.205479452055,1.0,133,1,0.0
org/apache/jmeter/protocol/smtp/sampler/gui/SmtpPanel.java,155,8,0,1,0,8,20,1,0.741206030151,292,60,0.205479452055,1.0,133,1,0.0
org/apache/jmeter/protocol/smtp/sampler/gui/SmtpPanel.java,155,8,0,1,0,8,20,1,0.527638190955,292,60,0.205479452055,1.0,133,1,1.0
org/apache/jmeter/protocol/smtp/sampler/gui/SmtpPanel.java,3,61,290,10,6,91,1,18,0.464377682403,711,290,0.407876230661,0.833333333333,0,0,1.0
org/apache/jmeter/protocol/smtp/sampler/protocol/LocalTrustStoreSSLSocketFactory.java,13,61,290,10,8,91,4,18,0.828326180258,711,290,0.407876230661,0.538461538462,0,1,1.0
org/apache/jmeter/protocol/smtp/sampler/protocol/SendMailCommand.java,16,61,290,10,15,91,3,18,0.921030042918,711,290,0.407876230661,0.375,0,1,1.0
org/apache/jmeter/protocol/smtp/sampler/protocol/SendMailCommand.java,11,61,290,10,12,91,2,18,0.431759656652,711,290,0.407876230661,0.545454545455,7,1,1.0
org/apache/jmeter/protocol/smtp/sampler/protocol/SendMailCommand.java,23,9,118,1,0,81,1,5,0.455882352941,76,44,0.578947368421,1.0,0,1,0.0
org/apache/jmeter/protocol/smtp/sampler/protocol/SendMailCommand.java,7,56,118,1,8,81,2,5,0.914519906323,395,359,0.908860759494,0.285714285714,0,1,1.0
org/apache/jmeter/protocol/smtp/sampler/protocol/SendMailCommand.java,128,56,118,1,0,81,29,5,0.24355971897,395,359,0.908860759494,1.0,0,1,1.0
org/apache/jmeter/protocol/smtp/sampler/protocol/SynchronousTransportListener.java,22,56,118,1,8,81,5,5,0.341920374707,395,359,0.908860759494,0.0909090909091,0,1,1.0
org/apache/jmeter/protocol/smtp/sampler/protocol/TrustAllSSLSocketFactory.java,13,56,118,1,8,81,4,5,0.85831381733,395,359,0.908860759494,0.153846153846,0,1,1.0
org/apache/jmeter/protocol/smtp/sampler/protocol/TrustAllSSLSocketFactory.java,7,56,118,1,8,81,2,5,0.889929742389,395,359,0.908860759494,0.285714285714,2,1,1.0
org/apache/jmeter/protocol/system/SystemSampler.java,6,6,118,1,12,81,2,5,0.960784313725,40,48,1.2,0.666666666667,1,1,1.0
org/apache/jmeter/protocol/system/gui/SystemSamplerGui.java,20,10,118,2,0,81,5,5,0.44966442953,80,53,0.6625,1.0,0,1,1.0
org/apache/jmeter/protocol/system/gui/SystemSamplerGui.java,0,10,118,2,25,81,1,5,0.342281879195,80,53,0.6625,1.0,0,1,1.0
org/apache/jmeter/protocol/tcp/sampler/TCPClientImpl.java,74,23,9,1,0,25,12,2,0.555891238671,185,93,0.502702702703,1.0,55,1,1.0
org/apache/jmeter/protocol/tcp/sampler/TCPSampler.java,15,15,159,1,8,15,1,1,0.517730496454,204,52,0.254901960784,0.2,0,1,1.0
org/apache/jmeter/reporters/FileReporter.java,31,15,159,1,8,15,6,1,0.40780141844,204,52,0.254901960784,0.0967741935484,34,1,0.0
org/apache/jmeter/reporters/FileReporter.java,40,5,224,1,14,77,7,9,0.855072463768,82,45,0.548780487805,0.3875,9,2,0.0
org/apache/jmeter/reporters/MailerModel.java,21,41,224,2,0,77,4,9,0.6243567753,432,72,0.166666666667,1.0,9,1,1.0
org/apache/jmeter/reporters/MailerModel.java,48,3,274,2,16,133,9,21,0.183622828784,256,89,0.34765625,0.125,0,1,1.0
org/apache/jmeter/reporters/MailerModel.java,0,3,274,2,0,133,1,21,0.906947890819,256,89,0.34765625,1.0,0,0,1.0
org/apache/jmeter/reporters/MailerModel.java,0,36,274,4,10,133,1,21,0.540642722117,301,131,0.435215946844,1.0,0,1,1.0
org/apache/jmeter/reporters/MailerModel.java,0,36,274,4,11,133,1,21,0.5138626339,301,131,0.435215946844,1.0,0,1,1.0
org/apache/jmeter/reporters/MailerResultCollector.java,86,36,274,4,0,133,17,21,0.431001890359,301,131,0.435215946844,1.0,0,0,1.0
org/apache/jmeter/reporters/ResultAction.java,0,36,274,4,6,133,1,21,0.111531190926,301,131,0.435215946844,1.0,0,1,1.0
org/apache/jmeter/reporters/ResultCollector.java,0,36,274,4,24,133,1,21,0.69943289225,301,131,0.435215946844,1.0,0,1,0.0
org/apache/jmeter/reporters/ResultCollector.java,0,4,274,1,4,133,1,21,0.611111111111,25,19,0.76,1.0,0,1,1.0
org/apache/jmeter/reporters/ResultCollector.java,0,4,274,1,6,133,1,21,0.404255319149,40,43,1.075,1.0,0,1,1.0
org/apache/jmeter/reporters/ResultCollector.java,65,34,274,4,0,133,12,21,0.543352601156,451,170,0.376940133038,1.0,0,1,1.0
org/apache/jmeter/reporters/ResultCollector.java,0,34,274,4,8,133,1,21,0.0982658959538,451,170,0.376940133038,1.0,0,1,1.0
org/apache/jmeter/reporters/ResultSaver.java,18,34,274,4,12,133,5,21,0.434971098266,451,170,0.376940133038,0.166666666667,0,1,1.0
org/apache/jmeter/reporters/ResultSaver.java,22,34,274,4,12,133,4,21,0.472543352601,451,170,0.376940133038,0.318181818182,0,1,1.0
org/apache/jmeter/reporters/ResultSaver.java,22,34,274,4,16,133,4,21,0.468208092486,451,170,0.376940133038,0.181818181818,0,1,0.0
org/apache/jmeter/reporters/ResultSaver.java,0,18,274,3,6,133,1,21,0.170731707317,168,79,0.470238095238,1.0,0,1,1.0
org/apache/jmeter/reporters/Summariser.java,14,18,274,3,12,133,5,21,0.445993031359,168,79,0.470238095238,0.785714285714,2,1,1.0
org/apache/jmeter/reporters/Summariser.java,14,18,274,3,0,133,5,21,0.421602787456,168,79,0.470238095238,1.0,2,1,1.0
org/apache/jmeter/reporters/Summariser.java,28,18,274,3,16,133,9,21,0.435540069686,168,79,0.470238095238,0.267857142857,2,0,1.0
org/apache/jmeter/reporters/Summariser.java,0,12,274,3,7,133,1,21,0.181818181818,215,138,0.641860465116,1.0,0,1,1.0
org/apache/jmeter/reporters/gui/ResultActionGui.java,7,12,274,3,12,133,1,21,0.318181818182,215,138,0.641860465116,0.714285714286,0,1,1.0
org/apache/jmeter/reporters/gui/ResultActionGui.java,35,12,274,3,12,133,11,21,0.911616161616,215,138,0.641860465116,0.114285714286,0,1,1.0
org/apache/jmeter/sampler/DebugSampler.java,11,12,274,3,12,133,2,21,0.876262626263,215,138,0.641860465116,0.818181818182,0,1,0.0
org/apache/jmeter/sampler/gui/TestActionGui.java,4,7,164,1,8,23,1,3,0.582524271845,50,38,0.76,0.75,0,1,1.0
org/apache/jmeter/sampler/gui/TestActionGui.java,4,7,164,1,8,23,1,3,0.78640776699,50,38,0.76,0.75,7,1,1.0
org/apache/jmeter/samplers/DiskStoreSampleSender.java,0,9,22,2,13,21,1,4,0.659722222222,99,24,0.242424242424,1.0,0,1,0.0
org/apache/jmeter/samplers/DiskStoreSampleSender.java,25,7,0,6,8,7,7,6,0.380392156863,178,36,0.202247191011,0.12,0,1,0.0
org/apache/jmeter/samplers/DiskStoreSampleSender.java,7,7,0,6,8,7,1,6,0.537254901961,178,36,0.202247191011,0.428571428571,9,1,0.0
org/apache/jmeter/samplers/RemoteListenerWrapper.java,25,5,835,4,12,316,2,33,0.907514450867,125,34,0.272,0.28,0,1,1.0
org/apache/jmeter/samplers/RemoteSampleListenerWrapper.java,13,5,835,4,8,316,1,33,0.745664739884,125,34,0.272,0.153846153846,0,1,1.0
org/apache/jmeter/samplers/RemoteTestListenerWrapper.java,61,5,835,4,8,316,7,33,0.421965317919,125,34,0.272,0.0491803278689,25,1,1.0
org/apache/jmeter/samplers/SampleResult.java,0,9,835,1,6,316,1,33,0.291044776119,84,32,0.380952380952,1.0,0,1,0.0
org/apache/jmeter/samplers/SampleResult.java,0,5,835,1,5,316,1,33,0.472972972973,42,20,0.47619047619,1.0,0,1,0.0
org/apache/jmeter/samplers/SampleResult.java,0,6,835,1,5,316,1,33,0.388235294118,51,20,0.392156862745,1.0,0,1,0.0
org/apache/jmeter/samplers/SampleResult.java,12,116,835,3,0,316,2,33,0.515320334262,685,558,0.814598540146,1.0,0,1,1.0
org/apache/jmeter/samplers/SampleResult.java,10,116,835,3,0,316,1,33,0.479108635097,685,558,0.814598540146,1.0,0,1,1.0
org/apache/jmeter/samplers/SampleSaveConfiguration.java,13,116,835,3,0,316,1,33,0.493036211699,685,558,0.814598540146,1.0,0,1,0.0
org/apache/jmeter/samplers/SampleSenderFactory.java,3,116,835,3,8,316,1,33,0.504178272981,685,558,0.814598540146,0.666666666667,0,1,1.0
org/apache/jmeter/samplers/StatisticalSampleResult.java,3,116,835,3,8,316,1,33,0.215877437326,685,558,0.814598540146,0.666666666667,0,1,1.0
org/apache/jmeter/save/CSVSaveService.java,19,74,835,1,12,316,6,33,0.617543859649,510,161,0.31568627451,0.631578947368,38,2,1.0
org/apache/jmeter/save/CSVSaveService.java,54,1,835,1,0,316,16,33,0.9,62,28,0.451612903226,1.0,21,1,1.0
org/apache/jmeter/save/SaveService.java,0,10,835,1,5,316,1,33,0.255033557047,69,57,0.826086956522,1.0,0,1,1.0
org/apache/jmeter/save/SaveService.java,42,18,312,4,0,83,9,14,0.55117085863,769,263,0.34200260078,1.0,0,0,1.0
org/apache/jmeter/save/SaveService.java,160,18,312,4,0,83,32,14,0.145706851691,769,263,0.34200260078,1.0,68,1,1.0
org/apache/jmeter/save/SaveService.java,10,30,312,4,0,83,2,14,0.340236686391,413,202,0.489104116223,1.0,0,1,1.0
org/apache/jmeter/save/SaveService.java,10,30,312,4,16,83,2,14,0.347633136095,413,202,0.489104116223,0.6,0,1,1.0
org/apache/jmeter/save/SaveService.java,9,30,312,4,12,83,3,14,0.872781065089,413,202,0.489104116223,0.777777777778,0,1,1.0
org/apache/jmeter/save/SaveService.java,9,30,312,4,12,83,3,14,0.890532544379,413,202,0.489104116223,0.777777777778,0,1,1.0
org/apache/jmeter/save/ScriptWrapperConverter.java,4,30,312,4,0,83,1,14,0.159763313609,413,202,0.489104116223,1.0,0,1,1.0
org/apache/jmeter/save/converters/TestElementConverter.java,4,30,312,4,0,83,1,14,0.140532544379,413,202,0.489104116223,1.0,0,1,1.0
org/apache/jmeter/services/FileServer.java,0,30,312,4,14,83,1,14,0.133136094675,413,202,0.489104116223,1.0,0,1,1.0
org/apache/jmeter/services/FileServer.java,14,7,312,1,8,83,4,14,0.826771653543,76,38,0.5,0.285714285714,7,1,1.0
org/apache/jmeter/services/FileServer.java,36,5,515,1,8,84,6,14,0.734375,84,34,0.404761904762,0.305555555556,23,1,1.0
org/apache/jmeter/services/FileServer.java,12,32,0,2,12,32,3,2,0.735751295337,327,208,0.636085626911,0.75,0,1,1.0
org/apache/jmeter/testbeans/gui/BooleanPropertyEditor.java,12,32,0,2,12,32,3,2,0.785837651123,327,208,0.636085626911,0.75,0,1,1.0
org/apache/jmeter/testbeans/gui/TableEditor.java,3,32,0,2,8,32,1,2,0.247841105354,327,208,0.636085626911,0.666666666667,0,0,0.0
org/apache/jmeter/testbeans/gui/TestBeanGUI.java,24,32,0,2,16,32,5,2,0.886873920553,327,208,0.636085626911,0.270833333333,6,0,1.0
org/apache/jmeter/testbeans/gui/TextAreaEditor.java,3,5,483,1,8,157,1,29,0.969696969697,33,23,0.69696969697,0.666666666667,0,1,1.0
org/apache/jmeter/testbeans/gui/WrapperEditor.java,10,17,483,5,0,157,1,29,0.738019169329,244,38,0.155737704918,1.0,1,1,1.0
org/apache/jmeter/testelement/TestPlan.java,0,20,483,1,7,157,1,29,0.182524271845,336,129,0.383928571429,1.0,0,1,1.0
org/apache/jmeter/testelement/TestPlan.java,8,13,483,1,12,157,2,29,0.972222222222,83,42,0.506024096386,0.625,4,1,1.0
org/apache/jmeter/threads/JMeterVariables.java,24,20,483,1,0,157,7,29,0.313465783664,262,134,0.511450381679,1.0,4,1,1.0
org/apache/jmeter/testelement/property/AbstractProperty.java,0,29,146,1,4,176,1,15,0.150183150183,154,73,0.474025974026,1.0,0,1,1.0
org/apache/jmeter/testelement/property/AbstractProperty.java,4,29,146,1,8,176,1,15,0.490842490842,154,73,0.474025974026,0.75,0,2,1.0
org/apache/jmeter/testelement/property/AbstractProperty.java,0,15,288,1,4,204,1,26,0.23178807947,70,60,0.857142857143,1.0,0,1,1.0
org/apache/jmeter/testelement/property/CollectionProperty.java,12,27,759,1,0,232,2,18,0.640476190476,277,107,0.386281588448,1.0,0,1,1.0
org/apache/jmeter/testelement/property/CollectionProperty.java,17,27,759,1,0,232,3,18,0.747619047619,277,107,0.386281588448,1.0,0,1,1.0
org/apache/jmeter/testelement/property/CollectionProperty.java,29,27,759,1,0,232,6,18,0.838095238095,277,107,0.386281588448,1.0,15,1,1.0
org/apache/jmeter/testelement/property/CollectionProperty.java,6,23,759,1,12,232,2,18,0.37899543379,138,50,0.36231884058,0.5,0,1,1.0
org/apache/jmeter/testelement/property/CollectionProperty.java,5,23,759,1,12,232,2,18,0.41095890411,138,50,0.36231884058,0.6,0,1,1.0
org/apache/jmeter/testelement/property/MapProperty.java,5,23,759,1,12,232,2,18,0.324200913242,138,50,0.36231884058,0.6,0,1,1.0
org/apache/jmeter/threads/AbstractThreadGroup.java,5,23,759,1,12,232,2,18,0.351598173516,138,50,0.36231884058,0.6,0,1,1.0
org/apache/jmeter/threads/RemoteThreadsListenerImpl.java,14,23,759,1,0,232,2,18,0.694063926941,138,50,0.36231884058,1.0,7,1,1.0
org/apache/jmeter/threads/RemoteThreadsListenerWrapper.java,15,19,759,1,0,232,2,18,0.71186440678,118,33,0.279661016949,1.0,8,1,1.0
org/apache/jmeter/threads/SamplePackage.java,0,27,288,1,4,204,1,26,0.164122137405,115,104,0.904347826087,1.0,0,1,1.0
org/apache/jmeter/threads/SamplePackage.java,27,3,288,1,0,204,10,26,0.660869565217,70,37,0.528571428571,1.0,0,1,1.0
org/apache/jmeter/threads/JMeterThread.java,0,4,288,1,5,204,1,26,0.545454545455,35,21,0.6,1.0,0,1,1.0
org/apache/jmeter/threads/ThreadGroup.java,10,18,288,1,8,204,1,26,0.552173913043,110,88,0.8,0.9,0,1,1.0
org/apache/jmeter/threads/ThreadGroup.java,10,18,288,1,8,204,1,26,0.417391304348,110,88,0.8,0.9,0,2,1.0
org/apache/jmeter/threads/gui/AbstractThreadGroupGui.java,0,41,288,4,9,204,1,26,0.0725108225108,638,194,0.30407523511,1.0,0,1,1.0
org/apache/jmeter/threads/gui/PostThreadGroupGui.java,14,30,288,2,16,204,3,26,0.711571675302,338,181,0.53550295858,0.357142857143,0,1,1.0
org/apache/jmeter/threads/gui/SetupThreadGroupGui.java,20,30,288,2,16,204,4,26,0.663212435233,338,181,0.53550295858,0.25,8,1,1.0
org/apache/jmeter/timers/BSFTimer.java,4,12,303,1,8,33,1,4,0.951086956522,133,19,0.142857142857,0.75,1,1,1.0
org/apache/jmeter/timers/BeanShellTimer.java,0,3,303,1,4,33,1,4,0.666666666667,20,17,0.85,1.0,0,1,1.0
org/apache/jmeter/timers/ConstantTimer.java,0,3,303,1,4,33,1,4,0.666666666667,20,17,0.85,1.0,0,1,1.0
org/apache/jmeter/timers/GaussianRandomTimer.java,0,1,183,1,8,67,1,20,0.509090909091,32,18,0.5625,1.0,0,1,1.0
org/apache/jmeter/timers/JSR223Timer.java,0,2,183,1,6,67,1,20,0.430769230769,37,21,0.567567567568,1.0,0,1,1.0
org/apache/jmeter/timers/PoissonRandomTimer.java,0,8,183,1,4,67,1,20,0.348214285714,36,60,1.66666666667,1.0,0,1,1.0
org/apache/jmeter/timers/RandomTimer.java,0,2,183,1,3,67,1,20,0.720930232558,14,23,1.64285714286,1.0,0,1,1.0
org/apache/jmeter/timers/SyncTimer.java,0,1,183,1,7,67,1,20,0.584905660377,28,18,0.642857142857,1.0,0,1,1.0
org/apache/jmeter/timers/UniformRandomTimer.java,0,6,183,1,10,67,1,20,0.0794871794872,324,56,0.172839506173,1.0,0,1,1.0
org/apache/jmeter/timers/gui/AbstractRandomTimerGui.java,0,5,183,1,4,67,1,20,0.575342465753,26,37,1.42307692308,1.0,0,1,1.0
org/apache/jmeter/timers/gui/ConstantTimerGui.java,0,14,183,2,6,67,1,20,0.147482014388,133,113,0.84962406015,1.0,0,1,1.0
org/apache/jmeter/timers/gui/ConstantTimerGui.java,0,2,183,1,3,67,1,20,0.704545454545,14,23,1.64285714286,1.0,0,1,1.0
org/apache/jmeter/util/BSFTestElement.java,10,13,195,1,8,44,1,6,0.489743589744,86,77,0.895348837209,0.35,9,0,1.0
org/apache/jmeter/util/BeanShellClient.java,4,8,195,1,8,44,1,6,0.768656716418,60,56,0.933333333333,0.75,0,1,0.0
org/apache/jmeter/util/BeanShellClient.java,4,8,195,1,8,44,1,6,0.686567164179,60,56,0.933333333333,0.75,7,1,1.0
org/apache/jmeter/util/BeanShellTestElement.java,0,7,1675,1,7,336,1,46,0.330882352941,100,21,0.21,1.0,0,1,1.0
org/apache/jmeter/util/HttpSSLProtocolSocketFactory.java,38,2,1675,2,8,336,4,46,0.6,74,23,0.310810810811,0.684210526316,0,1,1.0
org/apache/jmeter/util/JMeterTreeNodeTransferable.java,4,2,1675,2,0,336,1,46,0.747826086957,74,23,0.310810810811,1.0,3,1,1.0
org/apache/jmeter/util/JMeterTreeNodeTransferable.java,0,21,1675,1,6,336,1,46,0.131672597865,180,64,0.355555555556,1.0,0,1,1.0
org/apache/jmeter/util/JMeterUtils.java,6,15,1675,1,12,336,2,46,0.430711610487,187,51,0.272727272727,0.5,0,1,1.0
org/apache/jmeter/util/JMeterUtils.java,26,4,1675,1,0,336,4,46,0.731958762887,64,22,0.34375,1.0,0,1,1.0
org/apache/jmeter/util/JMeterUtils.java,3,4,1675,1,8,336,1,46,0.474226804124,64,22,0.34375,0.666666666667,0,1,0.0
org/apache/jmeter/util/JMeterUtils.java,9,69,1675,3,0,336,2,46,0.99703264095,703,552,0.78520625889,1.0,0,1,1.0
org/apache/jmeter/util/JSR223BeanInfoSupport.java,29,69,1675,3,16,336,5,46,0.456231454006,703,552,0.78520625889,0.241379310345,10,1,1.0
org/apache/jmeter/util/JSR223TestElement.java,4,69,1675,3,8,336,1,46,0.98590504451,703,552,0.78520625889,0.5,0,1,0.0
org/apache/jmeter/util/JSR223TestElement.java,29,69,1675,3,12,336,5,46,0.469584569733,703,552,0.78520625889,0.931034482759,10,1,1.0
org/apache/jmeter/util/JsseSSLManager.java,0,1,1675,2,8,336,1,46,0.679012345679,51,20,0.392156862745,1.0,0,1,1.0
org/apache/jmeter/util/PropertiesBasedPrefixResolver.java,122,13,1675,2,0,336,35,46,0.646946564885,170,67,0.394117647059,1.0,0,0,1.0
org/apache/jmeter/util/SSLManager.java,0,13,1675,2,10,336,1,46,0.24427480916,170,67,0.394117647059,1.0,0,1,1.0
org/apache/jmeter/util/SSLManager.java,0,6,1675,3,16,336,1,46,0.284009546539,208,173,0.831730769231,1.0,0,1,1.0
org/apache/jmeter/util/SSLManager.java,0,2,1675,1,0,336,1,46,0.626262626263,66,28,0.424242424242,1.0,0,1,1.0
org/apache/jmeter/util/SSLManager.java,0,11,1675,1,12,336,1,46,0.674121405751,154,120,0.779220779221,1.0,0,1,1.0
org/apache/jmeter/util/SSLManager.java,0,11,1675,1,12,336,1,46,0.672523961661,154,120,0.779220779221,1.0,0,1,1.0
org/apache/jmeter/util/XPathUtil.java,0,11,1675,1,12,336,1,46,0.670926517572,154,120,0.779220779221,1.0,0,1,1.0
org/apache/jmeter/util/keystore/JmeterKeyStore.java,39,11,1675,1,0,336,5,46,0.453674121406,154,120,0.779220779221,1.0,0,1,1.0
org/apache/jmeter/visualizers/AssertionVisualizer.java,38,11,1675,1,0,336,5,46,0.73482428115,154,120,0.779220779221,1.0,17,1,1.0
org/apache/jmeter/visualizers/AxisGraph.java,15,14,1675,3,0,336,1,46,0.988913525499,273,151,0.553113553114,1.0,9,1,1.0
org/apache/jmeter/visualizers/AxisGraph.java,13,11,0,1,12,11,4,1,0.987460815047,153,136,0.888888888889,0.846153846154,3,1,1.0
org/apache/jmeter/visualizers/AxisGraph.java,0,6,3478,2,7,719,1,98,0.311475409836,81,21,0.259259259259,1.0,0,1,1.0
org/apache/jmeter/visualizers/AxisGraph.java,3,37,3478,1,8,719,1,98,0.424942263279,262,105,0.400763358779,0.666666666667,0,1,1.0
org/apache/jmeter/visualizers/AxisGraph.java,3,37,3478,1,8,719,1,98,0.441108545035,262,105,0.400763358779,0.666666666667,0,1,1.0
org/apache/jmeter/visualizers/BSFListener.java,3,37,3478,1,8,719,1,98,0.284064665127,262,105,0.400763358779,0.666666666667,0,1,1.0
org/apache/jmeter/visualizers/BeanShellListener.java,3,37,3478,1,8,719,1,98,0.357967667436,262,105,0.400763358779,0.666666666667,0,1,1.0
org/apache/jmeter/visualizers/ComparisonVisualizer.java,3,37,3478,1,8,719,1,98,0.339491916859,262,105,0.400763358779,0.666666666667,1,1,1.0
org/apache/jmeter/visualizers/DistributionGraphVisualizer.java,0,5,3478,1,6,719,1,98,0.3875,49,21,0.428571428571,1.0,0,1,0.0
org/apache/jmeter/visualizers/CachingStatCalculator.java,0,6,3478,1,4,719,1,98,0.367816091954,50,23,0.46,1.0,0,1,1.0
org/apache/jmeter/visualizers/GraphVisualizer.java,0,9,3478,3,8,719,1,98,0.257142857143,132,22,0.166666666667,1.0,0,1,1.0
org/apache/jmeter/visualizers/CachingStatCalculator.java,0,28,3478,1,5,719,1,98,0.111486486486,166,89,0.536144578313,1.0,0,1,1.0
org/apache/jmeter/visualizers/JSR223Listener.java,0,13,3478,2,5,719,1,98,0.201646090535,115,95,0.826086956522,1.0,0,1,1.0
org/apache/jmeter/visualizers/LineGraph.java,0,28,3478,1,5,719,1,98,0.111486486486,166,89,0.536144578313,1.0,0,1,1.0
org/apache/jmeter/visualizers/LineGraph.java,0,5,3478,1,5,719,1,98,0.484848484848,33,24,0.727272727273,1.0,0,1,1.0
org/apache/jmeter/visualizers/LineGraph.java,0,20,3478,2,5,719,1,98,0.122844827586,233,162,0.695278969957,1.0,0,1,1.0
org/apache/jmeter/visualizers/MailerVisualizer.java,0,5,3478,1,5,719,1,98,0.484848484848,33,24,0.727272727273,1.0,0,1,1.0
org/apache/jmeter/visualizers/MailerVisualizer.java,0,5,3478,1,5,719,1,98,0.466666666667,42,21,0.5,1.0,0,1,1.0
org/apache/jmeter/visualizers/MailerVisualizer.java,3,19,3478,1,8,719,1,98,0.374531835206,159,79,0.496855345912,0.666666666667,0,1,1.0
org/apache/jmeter/visualizers/MailerVisualizer.java,3,19,3478,1,8,719,1,98,0.434456928839,159,79,0.496855345912,0.666666666667,0,1,1.0
org/apache/jmeter/visualizers/MailerVisualizer.java,3,19,3478,1,8,719,1,98,0.449438202247,159,79,0.496855345912,0.666666666667,1,1,1.0
org/apache/jmeter/visualizers/MailerVisualizer.java,4,17,3478,2,8,719,1,98,0.806236080178,307,83,0.270358306189,0.75,0,1,1.0
org/apache/jmeter/visualizers/MonitorGraph.java,15,17,3478,2,8,719,2,98,0.857461024499,307,83,0.270358306189,0.2,0,1,0.0
org/apache/jmeter/visualizers/MonitorGraph.java,19,17,3478,2,16,719,3,98,0.746102449889,307,83,0.270358306189,0.315789473684,0,1,0.0
org/apache/jmeter/visualizers/MonitorHealthVisualizer.java,7,17,3478,2,12,719,2,98,0.258351893096,307,83,0.270358306189,0.428571428571,0,1,0.0
org/apache/jmeter/visualizers/MonitorModel.java,0,17,3478,2,6,719,1,98,0.144766146993,307,83,0.270358306189,1.0,0,1,0.0
org/apache/jmeter/visualizers/MonitorModel.java,0,17,3478,2,0,719,1,98,0.285077951002,307,83,0.270358306189,1.0,0,1,0.0
org/apache/jmeter/visualizers/MonitorModel.java,0,11,3478,1,4,719,1,98,0.25,129,45,0.348837209302,1.0,0,1,0.0
org/apache/jmeter/visualizers/MonitorModel.java,0,11,3478,1,4,719,1,98,0.235576923077,129,45,0.348837209302,1.0,0,1,0.0
org/apache/jmeter/visualizers/MonitorStats.java,0,15,3478,1,4,719,1,98,0.25641025641,112,50,0.446428571429,1.0,0,1,0.0
org/apache/jmeter/visualizers/PropertyControlGui.java,3,17,3478,1,8,719,1,98,0.8984375,67,39,0.582089552239,0.666666666667,0,1,1.0
org/apache/jmeter/visualizers/RenderAsCssJQuery.java,3,17,3478,1,8,719,1,98,0.80859375,67,39,0.582089552239,0.666666666667,0,0,1.0
org/apache/jmeter/visualizers/RenderAsDocument.java,3,17,3478,1,8,719,1,98,0.83984375,67,39,0.582089552239,0.666666666667,0,0,1.0
org/apache/jmeter/visualizers/RenderAsHTML.java,3,17,3478,1,8,719,1,98,0.87109375,67,39,0.582089552239,0.666666666667,0,0,1.0
org/apache/jmeter/visualizers/RenderAsHTMLWithEmbedded.java,0,21,3478,1,4,719,1,98,0.318681318681,88,60,0.681818181818,1.0,0,1,1.0
org/apache/jmeter/visualizers/RenderAsJSON.java,0,12,3478,2,13,719,1,98,0.6,164,57,0.34756097561,1.0,0,1,1.0
org/apache/jmeter/visualizers/RenderAsRegexp.java,6,16,3478,1,0,719,2,98,0.554794520548,187,63,0.336898395722,1.0,4,1,1.0
org/apache/jmeter/visualizers/RenderAsText.java,0,3,3478,1,5,719,1,98,0.48275862069,29,20,0.689655172414,1.0,0,1,1.0
org/apache/jmeter/visualizers/RenderAsXML.java,0,4,3478,4,7,719,1,98,0.238993710692,88,46,0.522727272727,1.0,0,1,1.0
org/apache/jmeter/visualizers/RenderAsXPath.java,0,2,3478,1,4,719,1,98,0.609756097561,14,21,1.5,1.0,0,1,1.0
org/apache/jmeter/visualizers/RenderAsXPath.java,0,5,3478,1,8,719,1,98,0.208955223881,80,34,0.425,1.0,0,1,1.0
org/apache/jmeter/visualizers/RequestPanel.java,6,15,3478,1,0,719,2,98,0.627450980392,160,58,0.3625,1.0,4,1,1.0
org/apache/jmeter/visualizers/RespTimeGraphChart.java,0,3,3478,1,5,719,1,98,0.5,22,21,0.954545454545,1.0,0,1,1.0
org/apache/jmeter/visualizers/RespTimeGraphChart.java,0,6,3478,4,9,719,1,98,0.2,147,53,0.360544217687,1.0,0,1,1.0
org/apache/jmeter/visualizers/RespTimeGraphChart.java,17,16,3478,1,0,719,2,98,0.490066225166,185,69,0.372972972973,1.0,0,1,1.0
org/apache/jmeter/visualizers/RespTimeGraphChart.java,6,16,3478,1,0,719,2,98,0.682119205298,185,69,0.372972972973,1.0,4,1,1.0
org/apache/jmeter/visualizers/RespTimeGraphChart.java,35,4,3478,1,0,719,7,98,0.6,63,42,0.666666666667,1.0,0,1,1.0
org/apache/jmeter/visualizers/RespTimeGraphVisualizer.java,3,33,3478,1,8,719,1,98,0.448441247002,254,97,0.38188976378,0.666666666667,0,1,1.0
org/apache/jmeter/visualizers/RespTimeGraphDataBean.java,3,33,3478,1,8,719,1,98,0.465227817746,254,97,0.38188976378,0.666666666667,0,1,1.0
org/apache/jorphan/math/StatCalculatorLong.java,3,33,3478,1,8,719,1,98,0.304556354916,254,97,0.38188976378,0.666666666667,0,1,1.0
org/apache/jmeter/visualizers/RespTimeGraphLineBean.java,3,33,3478,1,8,719,1,98,0.362110311751,254,97,0.38188976378,0.666666666667,0,1,1.0
org/apache/jmeter/visualizers/SamplerResultTab.java,3,33,3478,1,8,719,1,98,0.342925659472,254,97,0.38188976378,0.666666666667,1,1,0.0
org/apache/jmeter/visualizers/SamplerResultTab.java,0,29,3478,3,8,719,1,98,0.0797101449275,721,88,0.122052704577,1.0,0,1,1.0
org/apache/jmeter/visualizers/SamplerResultTab.java,0,7,3478,1,4,719,1,98,0.478723404255,30,50,1.66666666667,1.0,0,1,1.0
org/apache/jmeter/visualizers/SamplerResultTab.java,0,5,39,1,4,34,1,4,0.413793103448,20,31,1.55,1.0,0,1,1.0
org/apache/jmeter/visualizers/SearchTextExtension.java,0,5,3478,1,4,719,1,98,0.542857142857,23,37,1.60869565217,1.0,0,1,1.0
org/apache/jmeter/visualizers/SearchTextExtension.java,99,15,3478,2,0,719,9,98,0.513513513514,385,72,0.187012987013,1.0,0,1,1.0
org/apache/jmeter/visualizers/SearchTextExtension.java,5,15,3478,2,0,719,1,98,0.369369369369,385,72,0.187012987013,1.0,0,1,1.0
org/apache/jmeter/visualizers/SearchTextExtension.java,18,15,3478,2,0,719,5,98,0.659459459459,385,72,0.187012987013,1.0,0,1,1.0
org/apache/jmeter/visualizers/ServerPanel.java,16,15,3478,2,0,719,5,98,0.616216216216,385,72,0.187012987013,1.0,17,1,0.0
org/apache/jmeter/visualizers/Spline3.java,39,11,3478,3,16,719,6,98,0.44406779661,200,50,0.25,0.410256410256,0,1,0.0
org/apache/jmeter/visualizers/SplineModel.java,11,11,3478,3,12,719,2,98,0.935593220339,200,50,0.25,0.727272727273,5,1,0.0
org/apache/jmeter/visualizers/SplineModel.java,39,11,3478,3,20,719,6,98,0.447457627119,200,50,0.25,0.435897435897,0,1,0.0
org/apache/jmeter/visualizers/SplineVisualizer.java,11,11,3478,3,12,719,2,98,0.932203389831,200,50,0.25,0.636363636364,5,1,0.0
org/apache/jmeter/visualizers/SplineVisualizer.java,18,7,3478,1,11,719,5,98,0.661835748792,104,71,0.682692307692,0.531746031746,4,1,0.0
org/apache/jmeter/visualizers/StatGraphProperties.java,25,16,3478,1,8,719,7,98,0.776765375854,228,167,0.732456140351,0.64,3,1,0.0
org/apache/jmeter/visualizers/StatGraphProperties.java,20,15,3478,1,8,719,6,98,0.852941176471,80,26,0.325,0.2,0,1,0.0
org/apache/jmeter/visualizers/StatGraphVisualizer.java,0,15,3478,1,4,719,1,98,0.213235294118,80,26,0.325,1.0,0,1,0.0
org/apache/jmeter/visualizers/StatGraphVisualizer.java,0,15,3478,3,4,719,1,98,0.188405797101,223,42,0.188340807175,1.0,0,1,0.0
org/apache/jmeter/visualizers/StatGraphVisualizer.java,0,15,3478,3,4,719,1,98,0.182608695652,223,42,0.188340807175,1.0,0,1,1.0
org/apache/jmeter/visualizers/StatGraphVisualizer.java,0,4,3478,1,4,719,1,98,0.452054794521,44,19,0.431818181818,1.0,0,1,1.0
org/apache/jmeter/visualizers/BarGraph.java,0,4,3478,1,4,719,1,98,0.479452054795,44,19,0.431818181818,1.0,0,1,1.0
org/apache/jmeter/visualizers/StatVisualizer.java,96,29,3478,3,0,719,23,98,0.65306122449,766,87,0.113577023499,1.0,0,1,0.0
org/apache/jmeter/visualizers/StatVisualizer.java,0,29,3478,3,0,719,1,98,0.10612244898,766,87,0.113577023499,1.0,0,0,1.0
org/apache/jmeter/visualizers/SummaryReport.java,11,29,3478,3,8,719,3,98,0.564285714286,766,87,0.113577023499,0.909090909091,0,1,0.0
org/apache/jmeter/visualizers/SummaryReport.java,0,29,3478,3,8,719,1,98,0.0979591836735,766,87,0.113577023499,1.0,0,1,1.0
org/apache/jmeter/util/Calculator.java,0,7,3478,1,4,719,1,98,0.454545454545,32,41,1.28125,1.0,0,1,1.0
org/apache/jmeter/visualizers/TableVisualizer.java,0,28,3478,1,5,719,1,98,0.111486486486,166,89,0.536144578313,1.0,0,1,1.0
org/apache/jmeter/visualizers/ViewResultsFullVisualizer.java,19,9,3478,2,0,719,3,98,0.678343949045,149,133,0.892617449664,1.0,0,1,0.0
org/apache/jmeter/visualizers/ViewResultsFullVisualizer.java,0,9,3478,2,7,719,1,98,0.187898089172,149,133,0.892617449664,1.0,0,1,1.0
org/apache/jmeter/visualizers/XMLDefaultMutableTreeNode.java,0,28,3478,1,5,719,1,98,0.111486486486,166,89,0.536144578313,1.0,0,1,1.0
org/apache/jmeter/visualizers/backend/BackendListener.java,19,9,3478,2,16,719,3,98,0.964788732394,210,41,0.195238095238,0.473684210526,0,1,1.0
org/apache/jmeter/visualizers/backend/BackendListenerGui.java,0,9,3478,2,8,719,1,98,0.221830985915,210,41,0.195238095238,1.0,0,1,1.0
org/apache/jmeter/visualizers/backend/BackendListenerGui.java,0,20,1675,1,5,336,1,46,0.143459915612,118,79,0.669491525424,1.0,0,1,1.0
org/apache/jmeter/visualizers/backend/BackendListenerGui.java,0,8,3478,3,8,719,1,98,0.174418604651,255,38,0.149019607843,1.0,0,1,1.0
org/apache/jmeter/visualizers/backend/SamplerMetric.java,48,14,3478,3,0,719,10,98,0.742793791574,312,81,0.259615384615,1.0,0,1,1.0
org/apache/jmeter/visualizers/backend/SamplerMetric.java,0,14,3478,3,8,719,1,98,0.155210643016,312,81,0.259615384615,1.0,0,1,1.0
org/apache/jmeter/visualizers/backend/SamplerMetric.java,7,11,3478,1,8,719,2,98,0.933962264151,101,81,0.80198019802,0.428571428571,4,1,1.0
org/apache/jmeter/visualizers/backend/graphite/PickleGraphiteMetricsSender.java,0,19,147,5,8,81,1,11,0.100823045267,281,158,0.562277580071,1.0,0,1,1.0
org/apache/jmeter/visualizers/backend/graphite/PickleGraphiteMetricsSender.java,12,11,147,1,8,81,4,11,0.833922261484,165,77,0.466666666667,0.916666666667,0,1,1.0
org/apache/jmeter/visualizers/backend/graphite/PickleGraphiteMetricsSender.java,7,11,147,1,8,81,1,11,0.939929328622,165,77,0.466666666667,0.428571428571,0,1,0.0
org/apache/jmeter/visualizers/backend/graphite/PickleGraphiteMetricsSender.java,38,11,147,1,0,81,9,11,0.724381625442,165,77,0.466666666667,1.0,24,1,1.0
org/apache/jmeter/visualizers/backend/graphite/PickleGraphiteMetricsSender.java,0,20,147,1,9,81,1,11,0.371568627451,93,139,1.49462365591,1.0,0,1,1.0
org/apache/jmeter/visualizers/backend/graphite/TextGraphiteMetricsSender.java,0,20,147,1,9,81,1,11,0.359803921569,93,139,1.49462365591,1.0,0,1,1.0
org/apache/jmeter/visualizers/gui/AbstractVisualizer.java,0,20,147,1,9,81,1,11,0.559477124183,93,139,1.49462365591,1.0,0,1,1.0
org/apache/jmeter/visualizers/gui/AbstractVisualizer.java,31,6,49,1,16,42,4,9,0.620879120879,99,55,0.555555555556,0.322580645161,20,1,1.0
org/apache/jmeter/visualizers/utils/Colors.java,31,6,49,1,0,42,4,9,0.642857142857,99,55,0.555555555556,1.0,20,1,1.0
org/apache/jorphan/collections/Data.java,31,6,49,1,24,42,4,9,0.67032967033,99,55,0.555555555556,0.677419354839,20,1,0.0
org/apache/jorphan/collections/Data.java,3,6,49,1,8,42,1,9,0.78021978022,99,55,0.555555555556,0.666666666667,0,1,0.0
org/apache/jorphan/collections/Data.java,62,6,49,1,20,42,7,9,0.631868131868,99,55,0.555555555556,0.209677419355,20,0,0.0
org/apache/jorphan/collections/HashTree.java,29,5,49,1,16,42,5,9,0.717741935484,70,39,0.557142857143,0.206896551724,19,1,1.0
org/apache/jorphan/collections/HashTree.java,11,15,120,4,8,17,2,5,0.802228412256,151,178,1.17880794702,0.363636363636,0,1,1.0
org/apache/jorphan/collections/HashTree.java,10,15,120,4,8,17,2,5,0.760445682451,151,178,1.17880794702,0.2,5,1,1.0
org/apache/jorphan/collections/ListedHashTree.java,36,1,0,1,0,1,6,1,0.927083333333,57,22,0.385964912281,1.0,26,1,1.0
org/apache/jorphan/collections/ListedHashTree.java,21,37,47,1,0,147,5,9,0.551575931232,390,247,0.633333333333,1.0,0,1,1.0
org/apache/jorphan/collections/SortedHashTree.java,14,37,47,1,0,147,3,9,0.636103151862,390,247,0.633333333333,1.0,0,2,0.0
org/apache/jorphan/collections/SortedHashTree.java,13,37,47,1,0,147,3,9,0.607449856734,390,247,0.633333333333,1.0,0,2,0.0
org/apache/jorphan/collections/SortedHashTree.java,5,68,47,4,8,147,1,9,0.578422484134,419,592,1.41288782816,0.6,0,1,0.0
org/apache/jorphan/collections/SortedHashTree.java,7,68,47,4,8,147,2,9,0.746146872167,419,592,1.41288782816,0.857142857143,0,4,0.0
org/apache/jorphan/exec/StreamGobbler.java,4,68,47,4,8,147,1,9,0.776971894832,419,592,1.41288782816,0.75,0,4,0.0
org/apache/jorphan/exec/SystemCommand.java,5,22,47,1,8,147,1,9,0.337777777778,149,48,0.322147651007,0.6,0,1,1.0
org/apache/jorphan/gui/MenuScroller.java,0,22,47,1,5,147,1,9,0.182222222222,149,48,0.322147651007,1.0,0,1,1.0
org/apache/jorphan/gui/MenuScroller.java,4,11,47,1,8,147,1,9,0.834862385321,61,32,0.524590163934,0.5,0,1,1.0
org/apache/jorphan/gui/MenuScroller.java,4,11,47,1,8,147,1,9,0.899082568807,61,32,0.524590163934,0.5,0,1,1.0
org/apache/jorphan/gui/MenuScroller.java,4,11,47,1,8,147,1,9,0.963302752294,61,32,0.524590163934,0.5,0,1,1.0
org/apache/jorphan/io/TextFile.java,0,11,47,1,5,147,1,9,0.385321100917,61,32,0.524590163934,1.0,0,1,1.0
org/apache/jorphan/io/TextFile.java,17,3,175,1,0,30,2,4,0.684931506849,36,31,0.861111111111,1.0,8,1,1.0
org/apache/jorphan/logging/LoggingManager.java,59,11,175,1,0,30,11,4,0.72265625,160,76,0.475,1.0,0,3,0.0
org/apache/jorphan/logging/LoggingManager.java,34,33,344,8,12,171,8,27,0.810271041369,310,327,1.05483870968,0.882352941176,0,1,0.0
org/apache/jorphan/logging/LoggingManager.java,3,33,344,8,6,171,1,27,0.754636233951,310,327,1.05483870968,0.833333333333,0,1,0.0
org/apache/jorphan/reflect/ClassFinder.java,0,33,344,8,9,171,1,27,0.920114122682,310,327,1.05483870968,1.0,0,1,1.0
org/apache/jorphan/reflect/ClassFinder.java,0,33,344,8,12,171,1,27,0.894436519258,310,327,1.05483870968,1.0,0,1,1.0
org/apache/jorphan/reflect/Functor.java,29,10,81,1,16,10,5,1,0.674641148325,107,85,0.794392523364,0.275862068966,0,1,1.0
org/apache/jorphan/reflect/Functor.java,19,10,81,1,16,10,3,1,0.555023923445,107,85,0.794392523364,0.263157894737,4,1,1.0
org/apache/jorphan/reflect/Functor.java,23,20,156,1,0,20,3,1,0.508152173913,197,134,0.680203045685,1.0,10,1,1.0
org/apache/jorphan/reflect/Functor.java,23,20,156,1,12,20,3,1,0.524456521739,197,134,0.680203045685,0.608695652174,10,1,1.0
,23,20,156,1,12,20,3,1,0.538043478261,197,134,0.680203045685,0.869565217391,10,1,
,38,16,241,4,20,46,7,6,0.314782608696,303,230,0.759075907591,0.289473684211,0,0,
,26,16,241,4,8,46,7,6,0.97652173913,303,230,0.759075907591,0.0961538461538,13,0,
,9,26,241,1,0,46,1,6,0.752436647173,246,230,0.934959349593,1.0,0,1,
,9,26,241,1,0,46,1,6,0.797270955166,246,230,0.934959349593,1.0,0,1,
,36,26,241,1,0,46,10,6,0.666666666667,246,230,0.934959349593,1.0,0,1,
,17,26,241,1,0,46,2,6,0.506822612086,246,230,0.934959349593,1.0,6,1,
